time,lon,lat,depth,mag
2022-12-31T23:04:12.784000Z,-69.68,-16.5378,196.743,4.9
2022-12-31T12:47:57.842000Z,-71.5625,-32.2686,48.3,4.5
2022-12-31T03:31:43.830000Z,-68.8969,-23.1036,96.224,5.1
2022-12-31T00:43:57.999000Z,-77.7617,-1.7451,182.543,4.3
2022-12-30T22:35:25.866000Z,-67.1397,-24.0267,232.941,4.5
2022-12-30T21:53:29.889000Z,-75.7546,-14.9903,11.94,5.2
2022-12-30T17:43:01.113000Z,-77.3878,-5.0236,123.83,4.3
2022-12-30T01:49:19.108000Z,-70.1708,-27.6295,91.899,4.5
2022-12-29T18:18:32.432000Z,-69.0394,-30.7743,118.128,4.4
2022-12-28T21:11:04.167000Z,-72.2839,-16.5184,70.719,5.3
2022-12-28T20:38:09.044000Z,-71.2916,-30.6414,58.01,4.8
2022-12-28T13:57:39.302000Z,-69.7134,-19.0156,93.03,4.7
2022-12-28T01:49:59.444000Z,-74.6016,-10.3543,8.965,4.9
2022-12-27T23:43:55.999000Z,-72.5558,-32.6594,30.453,4.6
2022-12-27T05:25:11.191000Z,-79.8896,-2.0806,73.782,4.2
2022-12-27T00:55:34.786000Z,-67.2846,-21.3838,180.962,4.7
2022-12-26T14:30:08.286000Z,-69.6286,-17.6605,157.426,4.3
2022-12-26T00:34:22.239000Z,-64.8145,-17.4074,10.466,4.2
2022-12-26T00:10:28.213000Z,-77.2636,-7.9097,84.314,4.6
2022-12-25T22:47:00.764000Z,-68.7841,-21.253,119.87,4.2
2022-12-25T15:55:57.818000Z,-69.2909,-22.5616,111.411,4.4
2022-12-25T14:08:18.076000Z,-68.4707,-21.2884,131.526,4.2
2022-12-25T09:25:49.281000Z,-66.9074,-24.0951,195.159,4.3
2022-12-25T05:45:36.141000Z,-69.5225,-18.8123,117.429,4.1
2022-12-24T22:25:34.957000Z,-66.716,-31.7779,148.309,4.4
2022-12-24T20:02:09.349000Z,-66.9033,-24.0291,171.471,5.0
2022-12-24T14:56:56.633000Z,-67.005,-24.3676,177.086,4.4
2022-12-24T12:27:34.205000Z,-71.3507,-30.1438,60.738,4.3
2022-12-24T05:49:10.511000Z,-77.482,-1.7136,181.664,4.1
2022-12-24T04:33:50.042000Z,-66.658,-23.6084,194.184,4.5
2022-12-24T02:16:48.250000Z,-66.8957,-24.2419,180.184,4.3
2022-12-23T05:21:52.913000Z,-67.5387,-19.0708,222.073,4.4
2022-12-23T04:12:34.182000Z,-66.9642,-24.3097,184.124,4.2
2022-12-22T22:17:06.704000Z,-66.747,-23.6454,181.848,4.4
2022-12-22T18:27:39.797000Z,-68.842,-23.1576,10.247,4.4
2022-12-22T13:46:53.591000Z,-67.3171,-21.9858,214.998,4.0
2022-12-22T13:13:55.515000Z,-74.4173,-7.9816,155.984,5.5
2022-12-21T17:33:11.815000Z,-66.5931,-21.4085,225.259,4.6
2022-12-21T15:42:40.081000Z,-66.9783,-24.2261,175.197,4.3
2022-12-21T09:43:57.789000Z,-67.0394,-24.3544,160.919,4.6
2022-12-20T14:14:18.302000Z,-75.3686,-10.5843,10.108,4.6
2022-12-20T02:08:53.771000Z,-71.4116,-29.1977,35.0,4.5
2022-12-19T20:10:50.045000Z,-68.5781,-22.2875,112.688,4.9
2022-12-19T12:26:23.993000Z,-80.3711,-0.9707,35.0,4.1
2022-12-19T11:01:55.987000Z,-80.3295,-1.0179,35.0,4.4
2022-12-19T00:57:05.133000Z,-76.9735,-3.4673,106.277,4.9
2022-12-19T00:11:05.400000Z,-72.9391,-15.5517,88.547,4.4
2022-12-18T05:31:25.759000Z,-67.2754,-19.1939,233.337,4.3
2022-12-18T01:49:03.207000Z,-69.9444,-17.8504,116.443,4.1
2022-12-17T16:18:07.074000Z,-68.5595,-21.808,130.194,4.2
2022-12-16T10:23:50.005000Z,-80.4903,-7.1218,10.0,5.2
2022-12-16T05:56:53.236000Z,-76.5503,-11.3473,4.971,4.6
2022-12-15T15:53:22.941000Z,-64.6321,-17.2525,10.18,4.2
2022-12-15T09:31:18.511000Z,-76.577,-11.3942,10.0,4.9
2022-12-15T05:38:24.920000Z,-68.6817,-21.0517,133.64,4.2
2022-12-15T03:22:00.405000Z,-66.4016,-22.7713,265.77,4.3
2022-12-14T13:18:24.617000Z,-68.6734,-21.2127,114.244,4.2
2022-12-14T08:07:11.898000Z,-67.9898,-20.6741,180.379,4.4
2022-12-14T02:11:36.332000Z,-71.4212,-29.0538,70.056,4.2
2022-12-13T11:51:13.584000Z,-66.7032,-23.5628,200.687,4.5
2022-12-12T18:52:42.146000Z,-74.0267,-11.8481,99.274,4.6
2022-12-12T08:35:53.100000Z,-69.0808,-21.1672,117.04,4.0
2022-12-12T06:55:00.042000Z,-79.9158,-4.4165,61.668,4.9
2022-12-12T04:27:56.559000Z,-69.4558,-16.7535,200.064,4.2
2022-12-11T21:00:06.723000Z,-80.5332,-4.8007,52.154,4.4
2022-12-11T01:32:08.618000Z,-68.1213,-23.5276,130.416,4.4
2022-12-10T08:49:05.446000Z,-71.3876,-31.6038,48.121,4.6
2022-12-10T08:48:37.166000Z,-71.0428,-30.4837,9.208,4.3
2022-12-10T07:25:48.105000Z,-72.0745,-33.6457,21.875,5.4
2022-12-10T06:41:29.717000Z,-68.1428,-23.0929,117.0,5.6
2022-12-09T18:51:02.559000Z,-69.8346,-19.1268,95.342,4.0
2022-12-09T03:24:34.351000Z,-79.7062,-0.6077,86.478,4.5
2022-12-08T23:18:58.182000Z,-72.2344,-15.7111,10.0,5.0
2022-12-08T20:55:39.733000Z,-69.2619,-19.2621,111.161,4.4
2022-12-08T11:21:36.569000Z,-71.5352,-35.5352,78.994,4.4
2022-12-08T05:05:30.712000Z,-66.8675,-23.5414,238.008,4.5
2022-12-08T04:22:08.537000Z,-69.8872,-31.5406,156.325,4.1
2022-12-07T10:08:52.885000Z,-67.331,-21.4089,182.434,4.2
2022-12-07T08:28:32.671000Z,-79.9176,-9.4706,19.103,4.5
2022-12-06T16:48:19.801000Z,-70.702,-32.2863,89.947,4.4
2022-12-06T07:41:26.397000Z,-66.795,-23.8479,246.219,4.4
2022-12-06T05:52:05.027000Z,-71.3912,-29.2081,43.018,4.6
2022-12-06T02:42:39.480000Z,-67.1151,-24.2798,176.882,4.5
2022-12-06T01:36:15.904000Z,-66.9827,-24.2001,163.746,4.5
2022-12-05T18:17:57.945000Z,-69.2813,-31.3604,114.679,4.6
2022-12-04T21:04:24.116000Z,-66.6209,-27.9287,168.403,5.1
2022-12-04T16:34:39.079000Z,-66.8694,-23.4729,214.88,4.2
2022-12-03T19:24:06.064000Z,-63.202,-28.2964,574.357,4.3
2022-12-03T19:14:15.814000Z,-70.4635,-32.3215,107.876,4.2
2022-12-03T11:45:29.201000Z,-69.4939,-17.7438,159.018,4.8
2022-12-03T10:39:06.891000Z,-71.7717,-32.8415,26.686,4.4
2022-12-03T04:19:25.893000Z,-71.2053,-31.5194,69.382,4.5
2022-12-03T00:41:01.260000Z,-67.2828,-24.0159,196.464,4.3
2022-12-02T17:45:07.335000Z,-68.651,-21.5124,150.894,4.4
2022-12-02T17:25:43.225000Z,-71.9239,-32.4793,28.344,3.9
2022-12-02T13:40:07.850000Z,-68.8605,-20.621,111.888,4.5
2022-12-01T13:59:21.992000Z,-68.6909,-22.8866,111.37,4.3
2022-12-01T01:59:18.593000Z,-71.1718,-28.8136,35.0,4.3
2022-11-30T12:27:10.293000Z,-71.4465,-28.0609,29.394,4.2
2022-11-30T00:35:32.533000Z,-68.3626,-21.6861,145.396,4.5
2022-11-29T06:52:15.957000Z,-67.0484,-24.0283,240.063,4.2
2022-11-29T04:32:28.384000Z,-68.8572,-23.0393,93.689,4.2
2022-11-28T23:49:06.258000Z,-72.6144,-33.6653,10.081,4.6
2022-11-28T23:11:43.362000Z,-68.4101,-21.7844,119.908,4.5
2022-11-28T10:39:08.327000Z,-68.4698,-21.1637,153.554,4.6
2022-11-28T05:25:01.879000Z,-67.0806,-24.104,215.77,4.2
2022-11-27T15:29:38.281000Z,-71.8408,-34.692,43.754,4.2
2022-11-27T04:08:46.825000Z,-67.0683,-24.3097,176.653,4.2
2022-11-27T00:00:52.905000Z,-70.6427,-29.3849,82.975,4.1
2022-11-26T20:38:40.167000Z,-75.0685,-37.7905,10.0,4.2
2022-11-26T15:11:25.509000Z,-68.9269,-24.6522,126.066,4.1
2022-11-26T09:40:28.920000Z,-69.1152,-22.4384,118.967,4.6
2022-11-25T16:10:18.133000Z,-80.1452,-5.9708,106.264,4.2
2022-11-25T02:22:33.388000Z,-66.2151,-22.8148,262.806,4.3
2022-11-25T01:55:48.495000Z,-69.438,-25.5646,107.383,4.4
2022-11-24T19:36:48.776000Z,-80.5615,-1.1651,32.919,4.5
2022-11-24T16:22:23.443000Z,-73.7071,-16.031,57.035,4.9
2022-11-23T20:02:45.664000Z,-79.0822,-9.0361,71.917,4.8
2022-11-23T09:21:55.094000Z,-63.7412,-21.9129,528.278,4.4
2022-11-23T08:53:12.433000Z,-71.3578,-35.3861,82.461,5.0
2022-11-23T07:36:15.783000Z,-71.3304,-33.5663,43.881,4.0
2022-11-23T04:07:18.002000Z,-70.4767,-15.5585,211.536,4.5
2022-11-22T22:15:33.188000Z,-71.3773,-28.8023,35.135,4.1
2022-11-22T05:17:52.130000Z,-70.4926,-14.4424,56.979,4.5
2022-11-22T02:11:26.465000Z,-69.7715,-31.6952,148.659,4.2
2022-11-21T21:41:13.816000Z,-67.161,-24.1661,206.327,4.4
2022-11-20T22:17:38.998000Z,-66.5878,-27.8935,152.19,4.9
2022-11-20T10:46:03.093000Z,-68.6134,-21.2238,119.746,4.1
2022-11-19T15:27:15.678000Z,-68.6549,-19.3274,138.781,4.2
2022-11-19T07:44:36.465000Z,-71.8444,-32.4265,24.758,4.5
2022-11-19T06:50:58.517000Z,-70.9345,-17.8092,76.253,4.5
2022-11-19T05:23:56.129000Z,-71.735,-32.4264,35.594,4.6
2022-11-19T05:13:33.481000Z,-71.0635,-33.2575,74.738,4.6
2022-11-19T03:02:49.069000Z,-71.7809,-6.2889,584.682,4.1
2022-11-17T17:51:00.865000Z,-69.9111,-18.4352,90.015,4.0
2022-11-17T04:19:50.567000Z,-78.0757,-1.9227,139.853,5.1
2022-11-17T01:42:51.443000Z,-69.9035,-21.3217,48.341,4.0
2022-11-16T16:29:35.960000Z,-69.3639,-23.6138,78.19,4.2
2022-11-16T05:55:22.496000Z,-77.6103,-1.5604,180.482,4.5
2022-11-15T17:26:21.331000Z,-71.3422,-30.6367,51.958,4.6
2022-11-15T14:47:35.965000Z,-69.7204,-31.6497,109.048,4.3
2022-11-15T12:12:30.281000Z,-67.3022,-30.3073,26.086,4.0
2022-11-15T04:37:36.390000Z,-76.4188,-14.6989,10.0,4.6
2022-11-15T02:43:23.056000Z,-72.0023,-33.2141,24.587,4.3
2022-11-14T22:43:04.451000Z,-66.853,-24.2566,177.847,4.3
2022-11-14T06:26:35.055000Z,-70.2242,-20.8189,77.398,3.5
2022-11-13T22:05:40.595000Z,-72.0615,-32.1101,21.748,4.2
2022-11-13T20:54:59.327000Z,-72.1139,-32.0798,10.0,4.5
2022-11-13T15:25:59.993000Z,-73.8571,-37.5022,25.145,4.3
2022-11-13T03:00:43.864000Z,-73.719,-37.4487,16.552,5.0
2022-11-13T02:24:57.830000Z,-73.6751,-37.4653,18.0,6.2
2022-11-13T02:24:01.039000Z,-73.766,-37.5518,20.682,6.2
2022-11-12T23:36:59.829000Z,-66.8209,-23.4166,245.124,3.9
2022-11-12T21:32:45.514000Z,-66.195,-22.6275,260.338,4.0
2022-11-12T02:48:05.297000Z,-68.753,-21.9585,128.94,4.2
2022-11-11T12:34:45.866000Z,-71.428,-8.612,626.976,4.9
2022-11-11T10:14:59.642000Z,-67.4616,-28.6794,126.601,4.3
2022-11-11T00:15:26.976000Z,-70.4945,-33.294,97.507,3.8
2022-11-09T21:33:42.487000Z,-69.7704,-18.2382,125.445,4.3
2022-11-09T01:15:09.885000Z,-80.5506,-4.2397,49.116,5.1
2022-11-08T18:04:47.987000Z,-67.4908,-21.182,178.062,4.1
2022-11-08T12:05:34.155000Z,-68.4804,-29.891,10.0,4.0
2022-11-08T08:51:16.076000Z,-70.7494,-33.6667,90.037,5.0
2022-11-08T01:28:39.849000Z,-66.9549,-24.1238,184.921,4.5
2022-11-07T18:42:33.566000Z,-69.8733,-20.3422,67.344,3.3
2022-11-06T10:05:08.598000Z,-70.2257,-20.8992,36.201,3.7
2022-11-06T07:08:07.025000Z,-70.2188,-17.5561,27.493,5.0
2022-11-06T01:16:56.764000Z,-68.9267,-21.1257,112.374,4.5
2022-11-05T16:10:42.094000Z,-67.0018,-24.1556,158.839,4.3
2022-11-05T12:12:39.663000Z,-68.5459,-33.3967,33.557,5.1
2022-11-05T07:57:20.932000Z,-73.6907,-35.5483,18.019,5.0
2022-11-04T14:39:03.852000Z,-70.7254,-20.1671,20.269,5.0
2022-11-04T13:45:56.696000Z,-70.5605,-20.1802,31.512,4.1
2022-11-04T05:40:43.095000Z,-69.6521,-17.8207,154.541,4.4
2022-11-04T00:37:58.370000Z,-68.4575,-21.7643,106.012,4.4
2022-11-03T20:56:35.023000Z,-73.1249,-14.2593,77.47,4.4
2022-11-03T14:37:27.960000Z,-71.1727,-27.7958,35.0,4.7
2022-11-03T01:14:25.645000Z,-80.8436,-5.3137,49.982,4.5
2022-11-02T22:19:24.826000Z,-70.1092,-19.2208,66.421,4.0
2022-11-02T05:06:43.780000Z,-76.2688,-2.428,149.645,4.6
2022-11-02T02:38:00.516000Z,-68.868,-22.3131,112.76,5.3
2022-11-01T12:47:28.776000Z,-78.3947,-10.2217,58.091,4.4
2022-11-01T07:56:31.354000Z,-66.722,-20.7465,257.913,4.1
2022-11-01T01:33:41.441000Z,-67.4268,-21.1696,174.007,4.4
2022-10-31T14:18:28.930000Z,-76.1953,-14.4814,18.952,4.8
2022-10-31T13:25:45.846000Z,-76.0005,-14.223,33.662,5.0
2022-10-31T13:22:43.968000Z,-76.2179,-2.4099,147.693,5.6
2022-10-31T08:51:10.870000Z,-67.5143,-24.2767,220.22,4.3
2022-10-31T03:50:02.856000Z,-74.0939,-16.3138,33.357,4.4
2022-10-30T23:24:45.520000Z,-76.4854,-14.9207,10.0,4.6
2022-10-30T13:03:45.759000Z,-71.8862,-15.9824,138.155,4.6
2022-10-29T22:24:05.064000Z,-76.1413,-14.4147,10.0,4.8
2022-10-29T22:22:31.126000Z,-76.2242,-14.4238,10.0,4.9
2022-10-29T22:18:38.524000Z,-70.7566,-15.41,184.89,4.4
2022-10-29T20:45:35.345000Z,-76.1584,-14.3867,26.376,5.1
2022-10-29T14:17:25.493000Z,-76.4096,-14.6331,10.0,4.7
2022-10-29T13:58:44.281000Z,-71.4323,-28.7044,35.412,4.7
2022-10-29T11:40:18.307000Z,-66.9006,-19.002,262.38,5.1
2022-10-29T07:31:52.850000Z,-76.2805,-14.6624,30.463,4.5
2022-10-29T03:26:24.769000Z,-76.2549,-14.4552,19.97,4.5
2022-10-29T00:39:30.069000Z,-76.3695,-14.7016,10.0,4.3
2022-10-29T00:13:38.568000Z,-76.3282,-14.4142,10.0,4.9
2022-10-29T00:09:47.791000Z,-76.2261,-14.5133,15.0,5.8
2022-10-29T00:09:29.081000Z,-76.2302,-14.6643,10.0,4.8
2022-10-28T23:35:14.481000Z,-76.2107,-14.5297,10.0,5.2
2022-10-28T23:19:59.619000Z,-76.2845,-3.7733,108.034,4.6
2022-10-28T22:54:49.547000Z,-76.3812,-14.4187,10.0,4.7
2022-10-28T22:52:16.068000Z,-76.1611,-14.5431,8.685,5.2
2022-10-28T20:27:13.875000Z,-76.3838,-14.5573,10.0,4.5
2022-10-28T20:22:05.749000Z,-76.1843,-14.5261,14.0,5.9
2022-10-28T19:19:10.470000Z,-75.9568,-14.5069,39.541,4.6
2022-10-28T19:16:16.434000Z,-76.229,-14.6361,10.0,4.4
2022-10-28T18:33:01.312000Z,-69.2882,-17.6795,155.249,4.5
2022-10-28T14:21:23.818000Z,-76.1527,-14.4735,28.544,4.7
2022-10-28T12:21:40.961000Z,-66.8608,-24.2256,200.258,4.3
2022-10-28T10:56:48.407000Z,-76.2542,-14.4826,25.026,4.5
2022-10-28T09:17:00.780000Z,-75.9441,-14.4266,35.0,4.6
2022-10-28T09:11:54.617000Z,-76.2365,-14.5129,21.642,4.9
2022-10-27T19:24:48.988000Z,-80.6395,-6.3676,58.797,4.2
2022-10-27T00:13:45.324000Z,-66.5355,-27.9264,167.055,4.4
2022-10-26T14:30:44.053000Z,-67.1749,-24.289,196.827,4.4
2022-10-26T13:18:58.366000Z,-67.0643,-24.2018,178.631,4.2
2022-10-26T10:11:37.584000Z,-76.3238,-15.3635,10.0,4.6
2022-10-26T09:45:22.100000Z,-80.7856,-4.0126,42.031,4.5
2022-10-26T07:52:13.849000Z,-66.9679,-24.085,178.198,5.1
2022-10-26T03:06:13.342000Z,-80.5835,-4.7937,59.377,4.4
2022-10-26T01:34:17.039000Z,-66.9726,-24.2416,200.466,4.0
2022-10-24T06:48:58.129000Z,-71.437,-30.699,45.845,4.0
2022-10-24T05:04:40.403000Z,-76.2853,-7.4555,109.47,5.0
2022-10-23T21:22:02.885000Z,-66.2185,-27.975,155.823,4.4
2022-10-23T02:08:29.407000Z,-68.7302,-22.0024,104.994,5.1
2022-10-21T21:26:22.858000Z,-65.9915,-22.3669,269.84,4.3
2022-10-21T18:25:52.704000Z,-80.9564,-6.4986,24.66,4.6
2022-10-21T15:33:37.595000Z,-66.4822,-22.8306,217.953,4.5
2022-10-21T15:08:22.863000Z,-71.6177,-30.5848,36.258,4.4
2022-10-21T10:53:39.799000Z,-69.5271,-18.4416,133.197,4.2
2022-10-20T20:46:03.669000Z,-70.6851,-24.0477,32.417,4.7
2022-10-20T02:26:07.116000Z,-68.9392,-21.1495,118.42,4.3
2022-10-19T22:51:23.725000Z,-66.9737,-24.2273,185.056,4.2
2022-10-19T21:55:23.984000Z,-77.6628,-1.6438,181.838,4.6
2022-10-19T13:34:24.220000Z,-79.6636,-2.2165,83.687,4.2
2022-10-19T03:27:04.672000Z,-69.2172,-20.6485,99.026,4.4
2022-10-18T22:20:11.075000Z,-68.5216,-21.5546,141.869,4.4
2022-10-18T07:35:33.566000Z,-71.4659,-30.6997,47.379,5.0
2022-10-18T04:57:06.250000Z,-69.2842,-31.7251,123.473,4.2
2022-10-17T22:35:06.854000Z,-66.9101,-21.5982,219.922,4.2
2022-10-17T13:38:22.577000Z,-69.2558,-18.414,129.492,5.2
2022-10-17T09:38:16.621000Z,-76.7555,-12.7146,46.78,4.2
2022-10-16T03:30:04.025000Z,-67.0415,-24.5333,160.112,4.1
2022-10-15T21:45:21.272000Z,-67.0509,-24.3086,167.372,4.3
2022-10-15T15:11:06.580000Z,-69.3053,-25.477,110.864,4.0
2022-10-15T14:41:05.708000Z,-71.292,-32.6817,58.327,4.8
2022-10-15T07:39:53.073000Z,-79.9025,-2.2212,72.292,4.7
2022-10-15T06:52:57.885000Z,-68.5999,-21.5913,129.979,4.2
2022-10-15T05:37:08.191000Z,-70.1349,-17.3886,129.222,4.4
2022-10-15T05:23:11.862000Z,-80.8095,-3.907,50.494,4.5
2022-10-14T17:31:12.120000Z,-71.3494,-31.7196,49.436,4.2
2022-10-14T15:35:32.373000Z,-69.0116,-18.7512,157.865,4.1
2022-10-14T03:08:46.180000Z,-66.6969,-23.993,191.081,4.5
2022-10-13T16:44:58.466000Z,-70.249,-19.7706,48.891,4.0
2022-10-13T13:53:05.573000Z,-69.3175,-25.3554,158.322,4.3
2022-10-12T17:57:12.635000Z,-75.3951,-12.4656,98.397,4.7
2022-10-12T15:09:58.501000Z,-71.4132,-30.7864,61.522,4.5
2022-10-12T03:54:41.478000Z,-72.7095,-15.9249,91.964,4.1
2022-10-10T22:51:12.587000Z,-68.3968,-23.3981,115.934,4.5
2022-10-10T19:34:06.411000Z,-69.4101,-29.4123,114.512,4.5
2022-10-10T11:19:02.274000Z,-71.6477,-29.7808,32.78,4.8
2022-10-10T11:10:38.058000Z,-69.5405,-17.5379,169.213,4.3
2022-10-10T07:58:28.444000Z,-70.9413,-33.0276,71.318,4.1
2022-10-09T22:48:58.620000Z,-66.6813,-23.9948,219.921,4.3
2022-10-09T16:19:08.663000Z,-69.0772,-26.2583,114.215,4.2
2022-10-09T14:15:35.754000Z,-71.4967,-35.655,96.183,4.1
2022-10-09T03:07:59.244000Z,-68.4159,-22.0725,114.698,4.1
2022-10-08T05:15:55.137000Z,-78.7581,-10.1708,46.569,4.4
2022-10-08T04:30:44.230000Z,-66.6132,-27.7912,158.929,4.3
2022-10-08T00:27:18.801000Z,-67.6388,-21.7921,240.355,4.4
2022-10-07T14:55:16.693000Z,-81.0246,-0.5854,10.0,4.3
2022-10-07T08:54:26.521000Z,-68.8769,-22.3257,130.599,4.5
2022-10-06T15:56:47.958000Z,-78.0757,-1.9239,160.383,4.3
2022-10-05T21:38:42.080000Z,-71.1903,-27.4345,31.521,4.1
2022-10-05T20:46:10.373000Z,-74.5376,-7.9044,158.591,4.3
2022-10-05T16:40:40.937000Z,-70.4804,-22.6817,23.707,4.1
2022-10-05T08:26:19.604000Z,-80.6093,-4.8739,35.0,5.8
2022-10-05T01:48:52.697000Z,-66.8011,-24.0349,193.765,4.4
2022-10-05T00:50:42.024000Z,-69.3152,-20.3041,95.927,4.7
2022-10-04T16:30:17.442000Z,-67.2181,-24.3964,183.028,4.3
2022-10-04T15:51:01.153000Z,-66.5385,-27.8355,160.55,4.8
2022-10-04T13:08:57.612000Z,-68.7347,-22.1875,117.578,4.9
2022-10-04T02:50:17.971000Z,-78.5799,-9.907,45.895,4.5
2022-10-03T19:39:59.732000Z,-66.7392,-24.1258,192.522,4.4
2022-10-03T13:14:54.392000Z,-80.3428,-2.9509,47.005,4.4
2022-10-03T08:04:42.636000Z,-70.4474,-22.7329,26.097,4.3
2022-10-03T02:00:39.024000Z,-75.8969,-8.6326,10.0,4.5
2022-10-03T01:48:48.907000Z,-75.9074,-8.6466,10.0,4.6
2022-10-02T10:36:37.881000Z,-68.7299,-21.1003,144.903,4.1
2022-10-02T07:55:13.606000Z,-74.0013,-15.6087,59.383,4.2
2022-10-02T00:16:24.053000Z,-69.5409,-19.6924,97.8,4.1
2022-10-01T08:40:25.804000Z,-66.782,-23.3347,209.863,4.3
2022-10-01T06:23:54.801000Z,-74.5299,-7.9533,152.392,4.7
2022-10-01T05:33:38.225000Z,-69.1339,-20.8448,113.42,4.1
2022-09-30T19:02:27.092000Z,-68.6758,-21.8881,130.593,4.1
2022-09-30T15:40:04.357000Z,-68.2338,-28.1345,89.708,4.6
2022-09-30T13:22:38.917000Z,-69.9954,-20.0335,51.035,2.9
2022-09-30T12:09:28.960000Z,-75.4886,-16.276,10.0,4.6
2022-09-30T07:41:13.582000Z,-71.7768,-32.1153,32.088,4.3
2022-09-30T07:35:33.692000Z,-68.5344,-22.6027,123.847,4.0
2022-09-29T15:09:51.566000Z,-69.765,-28.882,115.348,4.5
2022-09-28T20:03:59.521000Z,-73.6718,-14.2805,82.919,4.6
2022-09-28T11:47:52.829000Z,-70.5372,-25.6105,72.077,4.4
2022-09-28T09:53:12.116000Z,-77.0086,-3.1211,57.812,4.4
2022-09-28T03:23:22.895000Z,-69.974,-19.273,61.137,4.2
2022-09-27T17:48:06.882000Z,-68.5534,-23.1676,172.197,4.4
2022-09-27T17:25:36.843000Z,-70.0428,-19.4893,66.485,4.4
2022-09-27T05:36:47.580000Z,-73.1662,-33.0866,10.0,4.4
2022-09-26T21:46:06.060000Z,-72.6129,-33.6886,19.871,4.3
2022-09-25T17:34:05.476000Z,-69.358,-19.4887,108.984,4.1
2022-09-24T08:02:30.421000Z,-72.4951,-33.6572,21.876,4.6
2022-09-24T05:57:44.042000Z,-66.7486,-23.966,211.397,4.3
2022-09-23T23:44:45.513000Z,-80.6001,-1.857,51.245,4.3
2022-09-23T20:17:05.986000Z,-71.5368,-28.9896,35.33,4.6
2022-09-23T17:58:57.783000Z,-80.1195,-8.5461,27.777,4.6
2022-09-23T17:48:17.953000Z,-66.1639,-22.2635,267.065,4.0
2022-09-23T10:01:21.531000Z,-67.2257,-23.9814,210.494,4.4
2022-09-23T07:49:15.858000Z,-67.4897,-23.4424,141.184,4.6
2022-09-23T01:39:24.689000Z,-72.0669,-18.5218,21.24,4.5
2022-09-23T00:28:37.858000Z,-69.0012,-21.9687,141.631,4.5
2022-09-22T23:10:06.479000Z,-80.2239,-8.7481,21.046,4.2
2022-09-22T21:08:05.608000Z,-67.1724,-27.3514,140.922,4.2
2022-09-22T17:39:31.198000Z,-75.5366,-15.6036,10.0,4.3
2022-09-22T16:47:30.105000Z,-68.6292,-24.6807,102.867,4.2
2022-09-22T15:10:58.695000Z,-68.7483,-24.9875,106.299,4.0
2022-09-22T07:32:08.125000Z,-66.5596,-21.3909,236.836,4.3
2022-09-22T04:06:48.341000Z,-67.6407,-22.4479,192.567,4.4
2022-09-22T03:35:00.313000Z,-74.1293,-16.4392,35.0,4.0
2022-09-22T03:33:50.425000Z,-66.8931,-24.0762,217.536,4.2
2022-09-21T19:42:07.433000Z,-69.0435,-20.114,110.498,4.2
2022-09-21T02:34:11.608000Z,-68.987,-23.6233,105.717,4.3
2022-09-20T13:06:07.940000Z,-67.0243,-24.1598,210.712,3.8
2022-09-20T10:01:22.672000Z,-67.5473,-22.299,184.299,4.5
2022-09-20T04:37:09.581000Z,-68.5063,-21.9541,111.606,4.2
2022-09-20T03:09:54.887000Z,-66.3387,-22.9414,256.006,4.2
2022-09-19T23:55:20.504000Z,-71.7152,-33.3612,35.0,4.0
2022-09-19T15:09:10.913000Z,-78.4725,-10.4287,66.068,4.4
2022-09-19T12:59:14.486000Z,-68.687,-22.263,124.831,4.5
2022-09-18T18:20:56.455000Z,-68.5266,-21.1006,132.362,4.4
2022-09-17T18:21:49.447000Z,-72.2029,-16.2994,106.548,4.1
2022-09-17T15:05:02.020000Z,-69.1793,-20.1765,101.054,4.5
2022-09-17T13:42:37.741000Z,-69.1637,-20.1716,97.995,4.8
2022-09-17T10:50:44.730000Z,-69.8509,-18.4638,121.407,4.4
2022-09-17T03:53:39.167000Z,-69.0383,-21.0741,117.756,4.2
2022-09-16T19:24:24.848000Z,-67.6762,-22.2451,172.195,4.0
2022-09-16T18:55:35.474000Z,-75.8891,-14.995,26.342,4.5
2022-09-16T14:12:59.663000Z,-70.1089,-19.9736,50.743,4.2
2022-09-16T03:02:44.801000Z,-70.378,-20.2941,33.011,3.7
2022-09-15T23:06:38.920000Z,-66.9277,-23.4478,240.098,4.0
2022-09-15T19:29:40.452000Z,-71.4804,-30.611,35.0,4.3
2022-09-15T04:52:00.787000Z,-69.966,-20.1394,49.638,3.1
2022-09-15T03:07:53.589000Z,-66.8794,-24.0056,195.538,4.2
2022-09-14T22:41:13.931000Z,-71.3278,-30.6451,55.103,4.7
2022-09-14T03:34:15.200000Z,-70.6036,-23.0215,36.628,4.5
2022-09-13T19:57:26.919000Z,-70.3416,-24.0192,51.251,4.3
2022-09-13T17:21:54.994000Z,-66.9519,-24.2064,171.9,4.7
2022-09-13T16:01:08.608000Z,-65.8608,-22.8801,348.211,4.3
2022-09-13T03:22:54.783000Z,-76.2825,-14.3125,25.304,4.3
2022-09-13T02:08:31.254000Z,-68.6662,-22.326,106.16,4.3
2022-09-12T23:38:23.864000Z,-68.6782,-22.3003,109.46,4.5
2022-09-12T04:30:03.314000Z,-81.2229,-0.6989,10.0,4.3
2022-09-11T23:57:23.605000Z,-64.1013,-20.5019,10.0,4.6
2022-09-11T22:47:45.884000Z,-68.4,-21.8036,117.485,4.3
2022-09-11T12:07:26.268000Z,-67.2058,-24.3067,182.369,4.2
2022-09-11T07:47:14.861000Z,-66.6207,-24.2088,194.839,4.7
2022-09-11T03:22:07.623000Z,-70.9685,-33.1806,70.231,4.5
2022-09-10T23:45:51.897000Z,-68.3265,-31.855,109.722,4.5
2022-09-10T23:14:17.994000Z,-67.0648,-24.1122,209.927,4.1
2022-09-10T15:49:24.893000Z,-69.5993,-27.2373,106.087,4.0
2022-09-10T15:34:59.673000Z,-66.2605,-22.1545,252.24,4.4
2022-09-10T06:52:37.071000Z,-72.2903,-33.4772,26.091,4.0
2022-09-10T05:23:35.249000Z,-68.5121,-21.1404,131.728,4.3
2022-09-10T00:15:34.941000Z,-68.9778,-21.0926,114.592,4.5
2022-09-08T23:22:32.685000Z,-66.7074,-23.8664,193.663,4.5
2022-09-08T23:13:47.875000Z,-73.5291,-35.4987,10.0,4.2
2022-09-08T21:59:41.963000Z,-73.4037,-16.131,57.381,5.4
2022-09-07T21:57:34.709000Z,-75.3123,-12.691,98.599,4.1
2022-09-07T14:32:09.400000Z,-66.8452,-23.849,223.281,4.3
2022-09-06T21:23:01.864000Z,-69.265,-18.6902,116.518,4.3
2022-09-06T17:02:45.424000Z,-77.925,-1.7724,168.282,4.1
2022-09-06T13:14:36.576000Z,-68.951,-23.0897,89.829,5.0
2022-09-06T08:57:06.824000Z,-72.3222,-33.4818,24.303,4.3
2022-09-06T04:46:03.597000Z,-68.8956,-22.7542,107.382,4.2
2022-09-05T14:31:00.473000Z,-70.0601,-19.8827,53.719,3.7
2022-09-05T07:50:58.719000Z,-72.2752,-33.4356,10.0,4.9
2022-09-05T07:49:58.638000Z,-72.3008,-33.444,10.0,4.9
2022-09-05T04:07:45.201000Z,-68.535,-22.27,117.274,4.5
2022-09-04T20:52:04.366000Z,-79.9256,-4.6939,42.523,4.4
2022-09-03T21:49:41.205000Z,-72.3796,-32.7328,13.28,4.2
2022-09-03T20:27:46.466000Z,-68.6914,-31.8482,23.651,4.6
2022-09-03T19:51:44.080000Z,-68.8061,-21.2378,119.949,4.5
2022-09-03T13:02:32.459000Z,-72.7469,-14.0504,79.037,4.6
2022-09-02T11:25:02.685000Z,-68.6739,-21.7804,140.018,4.3
2022-09-01T20:56:59.344000Z,-74.3488,-16.3722,35.0,4.2
2022-09-01T07:54:49.679000Z,-68.6634,-21.9817,137.901,4.8
2022-08-31T20:23:00.628000Z,-66.1301,-21.2616,266.129,4.3
2022-08-31T20:14:19.599000Z,-70.6612,-19.1074,43.062,4.2
2022-08-31T16:03:06.361000Z,-71.8152,-36.235,77.731,4.1
2022-08-31T03:06:47.511000Z,-69.8486,-20.4746,88.384,3.4
2022-08-30T01:53:21.246000Z,-66.1414,-22.7321,269.638,4.2
2022-08-30T00:23:41.639000Z,-80.227,-0.7536,42.477,4.4
2022-08-29T21:34:05.579000Z,-71.7383,-14.63,109.905,4.3
2022-08-29T14:51:20.627000Z,-80.8831,-0.2875,10.0,4.1
2022-08-29T13:17:20.127000Z,-70.7821,-33.5902,87.707,4.4
2022-08-29T05:12:37.166000Z,-66.9369,-24.001,221.095,4.2
2022-08-28T22:26:05.325000Z,-72.9764,-15.7318,79.318,4.2
2022-08-28T22:01:21.567000Z,-66.9542,-23.8392,220.841,4.2
2022-08-28T06:25:34.811000Z,-80.3621,-3.9616,49.773,4.0
2022-08-28T06:13:42.855000Z,-71.9255,-35.109,45.722,4.4
2022-08-28T03:54:34.787000Z,-69.7258,-18.817,96.112,4.6
2022-08-27T22:14:45.803000Z,-71.0619,-28.7436,57.21,4.4
2022-08-27T21:35:07.204000Z,-66.5689,-24.0019,199.235,4.2
2022-08-26T18:00:52.454000Z,-67.2121,-24.2397,204.948,4.1
2022-08-26T16:36:54.848000Z,-70.6156,-15.0404,206.811,4.1
2022-08-26T12:43:05.531000Z,-65.5815,-27.1053,10.18,3.3
2022-08-26T12:12:32.289000Z,-73.7145,-34.553,10.0,4.3
2022-08-26T07:07:06.033000Z,-66.7227,-24.0405,197.174,4.3
2022-08-24T19:32:31.274000Z,-89.9889,-30.8104,10.0,4.7
2022-08-24T15:03:20.472000Z,-69.0181,-21.1918,118.724,4.0
2022-08-24T12:09:46.769000Z,-68.5611,-22.013,117.0,5.4
2022-08-23T03:38:45.234000Z,-65.3891,-30.4391,172.529,4.3
2022-08-23T03:09:18.022000Z,-74.7206,-37.888,10.0,4.5
2022-08-22T13:50:10.282000Z,-71.7583,-34.7745,46.04,4.5
2022-08-21T23:11:11.875000Z,-72.1156,-35.321,72.072,4.3
2022-08-21T16:55:59.768000Z,-69.5049,-19.1963,105.69,4.5
2022-08-21T13:18:38.420000Z,-80.055,-0.91,56.312,4.6
2022-08-21T10:28:01.017000Z,-80.6958,-0.2372,13.0,5.5
2022-08-21T00:50:39.584000Z,-70.5588,-15.9402,185.806,4.1
2022-08-21T00:43:52.333000Z,-68.9014,-31.4968,109.662,4.2
2022-08-20T21:15:48.077000Z,-70.6605,-31.8585,101.375,4.3
2022-08-20T19:50:00.789000Z,-71.3103,-30.0598,75.326,4.5
2022-08-19T19:06:52.172000Z,-74.6292,-7.7897,156.472,4.5
2022-08-19T09:44:40.526000Z,-71.5181,-28.7459,28.995,4.8
2022-08-19T07:10:06.432000Z,-67.2809,-24.1187,201.604,4.4
2022-08-18T17:18:58.011000Z,-69.2437,-20.9418,88.74,4.2
2022-08-18T02:10:22.728000Z,-70.5921,-34.3573,105.85,5.3
2022-08-17T17:50:43.302000Z,-80.7807,-0.3596,10.0,4.5
2022-08-17T07:09:23.034000Z,-80.761,-0.4597,28.324,4.6
2022-08-16T20:25:21.189000Z,-69.0922,-22.563,118.939,4.4
2022-08-16T18:17:54.118000Z,-68.555,-32.0794,131.123,4.5
2022-08-16T18:10:59.215000Z,-69.9072,-20.1837,60.823,3.3
2022-08-16T04:47:13.206000Z,-70.5901,-16.9709,10.416,4.5
2022-08-16T01:21:18.656000Z,-67.1015,-24.2161,160.111,4.4
2022-08-15T09:41:06.784000Z,-74.4419,-8.6939,156.107,4.5
2022-08-14T20:59:39.088000Z,-67.0084,-24.133,170.382,4.5
2022-08-14T19:09:20.407000Z,-74.4031,-15.7734,58.089,4.5
2022-08-14T18:41:58.556000Z,-72.0093,-33.107,26.871,4.7
2022-08-14T18:41:29.001000Z,-72.1301,-33.0806,18.872,4.8
2022-08-14T14:53:03.985000Z,-69.5479,-19.7157,106.316,4.0
2022-08-14T12:42:12.824000Z,-67.3332,-20.7862,203.695,4.2
2022-08-14T09:01:42.744000Z,-71.4602,-30.6966,48.326,4.7
2022-08-14T02:58:29.346000Z,-75.5137,-14.1279,61.374,4.3
2022-08-14T00:24:37.541000Z,-67.2353,-20.9813,208.356,4.0
2022-08-13T15:43:37.020000Z,-68.7148,-22.2823,125.764,4.3
2022-08-13T07:06:08.228000Z,-80.6884,-0.1957,16.437,4.8
2022-08-12T19:08:00.351000Z,-70.0298,-22.9548,46.144,4.3
2022-08-12T08:47:57.885000Z,-80.6553,-0.3107,10.0,4.4
2022-08-12T08:35:22.134000Z,-80.8143,-0.2204,10.0,4.3
2022-08-12T00:19:45.837000Z,-80.6201,-3.3892,40.583,4.6
2022-08-11T06:24:48.546000Z,-74.7605,-13.1977,81.333,4.8
2022-08-11T00:07:12.635000Z,-70.5004,-25.7538,42.747,4.6
2022-08-10T21:14:08.340000Z,-71.6997,-30.6391,33.9,4.1
2022-08-10T11:24:33.717000Z,-76.1331,-4.5897,122.629,4.3
2022-08-10T08:13:35.842000Z,-66.7165,-23.9278,210.164,4.3
2022-08-09T22:28:51.694000Z,-68.7799,-30.384,112.713,4.8
2022-08-09T21:37:53.189000Z,-68.1788,-23.6817,120.382,3.9
2022-08-09T17:19:36.474000Z,-71.4116,-29.383,48.118,4.5
2022-08-09T17:19:22.655000Z,-71.2357,-29.4661,50.599,4.1
2022-08-09T09:30:22.285000Z,-67.5077,-28.2194,129.058,4.3
2022-08-09T05:54:29.823000Z,-68.2751,-22.7742,141.741,4.1
2022-08-08T20:57:54.974000Z,-72.2342,-14.3539,108.441,4.6
2022-08-08T09:19:15.495000Z,-69.4924,-18.7444,110.256,4.4
2022-08-08T03:44:54.642000Z,-71.973,-32.6725,15.422,4.7
2022-08-07T16:20:20.900000Z,-75.746,-7.3453,10.953,4.6
2022-08-07T02:41:15.200000Z,-69.1753,-19.3172,100.641,5.0
2022-08-07T00:12:04.690000Z,-69.1566,-18.7786,122.999,4.5
2022-08-06T12:33:04.455000Z,-70.2134,-20.0278,37.977,2.5
2022-08-06T05:32:25.383000Z,-68.0041,-24.7042,113.736,4.3
2022-08-05T23:56:04.938000Z,-79.5115,-9.9804,19.335,4.5
2022-08-05T20:20:00.178000Z,-70.0559,-19.1373,66.127,4.5
2022-08-05T03:12:26.744000Z,-73.3436,-11.2801,9.641,4.7
2022-08-05T02:41:40.033000Z,-69.1401,-27.4845,113.457,4.1
2022-08-04T17:23:12.933000Z,-67.1914,-24.2913,183.041,4.3
2022-08-03T08:13:18.689000Z,-80.1421,-2.7843,44.675,4.4
2022-08-03T07:33:36.009000Z,-74.4621,-8.5979,148.006,4.6
2022-08-02T07:53:13.454000Z,-66.9383,-23.8279,237.259,4.4
2022-08-01T23:11:30.913000Z,-68.6243,-22.2479,112.17,4.1
2022-08-01T18:36:55.216000Z,-66.9041,-24.0884,209.725,4.4
2022-08-01T15:18:17.241000Z,-73.5424,-16.2498,69.158,4.4
2022-08-01T06:47:21.388000Z,-67.2105,-21.3365,198.84,4.2
2022-07-31T22:32:28.395000Z,-73.7021,-10.7916,136.76,4.1
2022-07-31T14:31:08.501000Z,-72.2271,-14.9403,104.9,4.4
2022-07-31T11:19:58.108000Z,-68.9138,-21.0399,115.967,4.5
2022-07-31T08:48:03.422000Z,-68.5023,-31.5191,10.0,3.3
2022-07-31T08:33:25.099000Z,-69.5103,-21.3531,74.872,4.5
2022-07-30T15:31:36.998000Z,-69.8838,-18.4324,130.039,4.4
2022-07-30T12:46:41.040000Z,-72.9268,-36.8895,53.281,4.0
2022-07-30T07:21:40.765000Z,-69.8504,-17.2076,164.455,4.3
2022-07-30T04:20:15.770000Z,-77.1799,-11.8717,64.49,3.8
2022-07-30T01:24:18.287000Z,-67.0443,-19.0549,253.907,4.3
2022-07-29T17:35:23.654000Z,-72.0962,-15.3688,124.5,4.4
2022-07-29T13:09:37.641000Z,-67.3582,-21.9282,187.968,4.4
2022-07-29T01:16:27.297000Z,-71.6366,-30.8491,36.701,4.4
2022-07-29T00:07:33.013000Z,-74.9984,-10.2379,14.304,4.6
2022-07-28T19:34:42.657000Z,-72.3682,-16.7885,72.317,4.6
2022-07-28T08:53:47.174000Z,-70.1764,-21.4136,70.493,4.3
2022-07-28T04:15:03.937000Z,-70.3399,-21.9284,54.0,6.1
2022-07-27T18:58:58.306000Z,-68.5789,-22.1876,112.0,6.2
2022-07-27T17:44:08.869000Z,-72.2937,-15.8526,9.777,4.5
2022-07-27T16:29:21.650000Z,-66.8255,-24.0766,209.969,4.1
2022-07-27T07:22:52.860000Z,-67.9414,-24.4662,119.235,4.2
2022-07-27T04:27:08.862000Z,-67.45,-21.0031,177.538,4.4
2022-07-26T13:09:14.290000Z,-67.2506,-24.3307,195.71,4.2
2022-07-25T10:42:00.028000Z,-68.8677,-20.0974,115.681,4.4
2022-07-24T08:17:08.465000Z,-71.298,-8.9733,612.386,4.3
2022-07-24T05:17:58.658000Z,-76.4108,-14.4591,10.0,4.2
2022-07-24T02:45:12.094000Z,-67.2696,-24.284,189.616,4.3
2022-07-24T02:06:51.442000Z,-67.1348,-24.3362,164.147,4.5
2022-07-23T21:42:51.994000Z,-69.8546,-19.5305,66.127,4.0
2022-07-22T09:51:03.357000Z,-67.2558,-23.8899,203.353,4.2
2022-07-22T08:39:09.423000Z,-80.4004,-0.9744,48.437,4.5
2022-07-22T07:57:33.822000Z,-80.3564,-0.9643,49.01,4.9
2022-07-22T04:24:46.896000Z,-66.8797,-23.9958,186.529,4.4
2022-07-20T12:33:41.527000Z,-75.1491,-5.8472,10.384,4.7
2022-07-20T07:10:22.060000Z,-78.4097,-1.9425,138.206,4.6
2022-07-19T16:52:44.336000Z,-69.4835,-19.482,91.83,4.9
2022-07-19T15:20:45.247000Z,-67.5313,-28.4039,134.44,4.8
2022-07-19T10:39:02.618000Z,-66.7893,-23.9971,198.35,4.3
2022-07-19T06:56:28.657000Z,-76.1634,-12.9048,69.67,4.7
2022-07-19T04:06:01.454000Z,-69.1071,-20.7801,106.6,4.2
2022-07-19T02:35:20.002000Z,-71.449,-30.8405,57.03,4.1
2022-07-18T22:30:15.876000Z,-66.275,-22.7023,251.38,4.4
2022-07-17T00:53:36.806000Z,-78.2227,-1.5635,156.95,4.4
2022-07-16T23:25:07.915000Z,-68.9789,-21.3875,110.73,4.1
2022-07-16T22:33:00.644000Z,-72.1648,-37.4523,84.91,4.3
2022-07-16T11:30:38.755000Z,-71.8414,-30.7962,24.803,4.2
2022-07-16T08:18:49.919000Z,-78.3909,-10.3434,65.85,4.6
2022-07-16T02:55:02.341000Z,-68.8355,-22.9593,106.516,4.1
2022-07-15T11:03:17.534000Z,-73.95,-16.3323,43.71,4.4
2022-07-15T07:04:58.005000Z,-68.5124,-21.2047,131.26,4.5
2022-07-15T03:01:08.961000Z,-71.5666,-30.9396,70.882,4.4
2022-07-14T22:30:12.443000Z,-79.8105,-2.0402,73.0,5.7
2022-07-14T15:43:56.812000Z,-65.7136,-18.5259,10.0,4.5
2022-07-14T02:33:24.049000Z,-70.6021,-21.4698,35.0,4.3
2022-07-13T21:21:30.415000Z,-73.1548,-33.2407,29.385,5.0
2022-07-13T17:56:16.321000Z,-71.4194,-17.0022,68.14,4.9
2022-07-13T17:07:06.294000Z,-66.6701,-24.1956,199.634,4.3
2022-07-13T16:05:29.419000Z,-71.5916,-16.8493,18.512,5.1
2022-07-13T12:57:34.727000Z,-70.5664,-28.7028,94.48,4.4
2022-07-13T09:13:34.590000Z,-71.5525,-16.8533,21.59,5.0
2022-07-13T05:27:44.728000Z,-67.3266,-24.2796,185.98,4.2
2022-07-13T01:30:05.662000Z,-71.4352,-16.8215,25.79,4.6
2022-07-13T00:08:18.230000Z,-71.4438,-16.8195,10.0,4.5
2022-07-12T23:36:11.419000Z,-71.2353,-16.7931,10.0,5.5
2022-07-12T15:17:28.527000Z,-68.4922,-21.1576,109.44,4.2
2022-07-12T09:01:22.882000Z,-66.9633,-23.6067,210.876,4.7
2022-07-11T11:50:10.313000Z,-66.8365,-23.4326,215.1,4.6
2022-07-11T08:34:48.284000Z,-69.1548,-22.6372,90.53,4.0
2022-07-10T23:22:11.866000Z,-68.728,-21.7875,116.37,4.2
2022-07-10T13:21:38.957000Z,-79.3804,-8.9334,56.12,4.5
2022-07-09T17:25:41.829000Z,-69.898,-17.3278,156.02,4.1
2022-07-09T00:32:25.143000Z,-66.1491,-22.4915,245.95,4.5
2022-07-07T18:32:11.844000Z,-73.4181,-15.8564,89.36,4.1
2022-07-07T14:21:19.137000Z,-68.7662,-21.7979,134.09,4.3
2022-07-06T22:56:08.738000Z,-68.6095,-21.1589,131.02,4.2
2022-07-06T10:15:46.756000Z,-72.9899,-15.0664,83.21,4.4
2022-07-05T23:11:12.412000Z,-67.0564,-23.6317,229.03,4.4
2022-07-05T16:48:47.889000Z,-68.6072,-21.88,129.9,4.2
2022-07-05T11:35:31.339000Z,-72.0688,-30.4375,23.008,4.8
2022-07-05T04:42:43.390000Z,-70.1308,-19.9988,51.71,3.1
2022-07-04T22:51:14.025000Z,-75.8467,-6.9654,10.0,4.5
2022-07-04T15:59:08.805000Z,-68.0372,-21.3805,134.79,4.5
2022-07-04T02:03:44.218000Z,-71.8834,-32.9481,32.002,4.4
2022-07-03T23:39:04.500000Z,-70.2674,-19.3617,76.64,4.7
2022-07-03T19:21:22.602000Z,-68.4716,-21.5783,142.52,4.6
2022-07-03T16:24:19.986000Z,-72.1493,-30.4781,14.64,4.1
2022-07-03T01:50:54.432000Z,-68.7609,-21.6985,110.14,4.6
2022-07-02T22:58:51.964000Z,-68.8107,-19.9964,111.79,4.4
2022-07-02T19:51:51.265000Z,-70.6179,-21.9373,20.17,3.8
2022-07-02T15:25:59.955000Z,-67.1107,-24.3475,177.03,4.7
2022-07-02T15:12:44.025000Z,-70.6648,-24.6219,52.38,4.0
2022-07-02T10:42:57.136000Z,-67.3022,-24.1483,227.05,4.4
2022-07-02T10:04:52.631000Z,-71.0164,-26.0856,25.65,4.4
2022-07-01T09:01:55.194000Z,-68.9126,-20.68,103.84,4.2
2022-07-01T08:57:03.840000Z,-69.7758,-17.1586,182.05,4.2
2022-06-30T06:37:19.663000Z,-69.3168,-18.6524,132.5,4.2
2022-06-30T05:21:17.207000Z,-70.134,-17.0342,153.66,5.1
2022-06-30T00:28:21.032000Z,-66.6469,-27.9376,154.94,4.6
2022-06-29T23:45:41.235000Z,-66.8673,-24.1091,190.77,4.3
2022-06-29T20:20:29.480000Z,-71.151,-28.8356,62.45,4.3
2022-06-29T14:30:41.654000Z,-67.0522,-23.5599,230.86,4.2
2022-06-29T13:53:02.602000Z,-79.7148,-2.6731,10.0,4.5
2022-06-28T14:44:31.853000Z,-69.0212,-31.5582,110.99,4.5
2022-06-28T11:59:05.406000Z,-70.9911,-18.3221,65.48,4.8
2022-06-28T00:14:02.190000Z,-72.6024,-15.4759,135.65,4.3
2022-06-27T17:32:18.964000Z,-67.0141,-24.488,157.16,4.7
2022-06-27T04:49:03.287000Z,-68.8378,-22.6888,106.52,4.3
2022-06-27T03:54:21.189000Z,-67.9179,-22.6048,175.98,4.3
2022-06-26T21:14:08.292000Z,-66.7313,-21.4945,237.13,4.1
2022-06-26T09:27:56.652000Z,-80.542,-4.92,68.33,4.1
2022-06-26T04:49:52.685000Z,-69.3739,-19.7765,94.43,4.1
2022-06-26T02:02:34.927000Z,-73.7809,-17.177,9.03,5.7
2022-06-25T20:31:04.764000Z,-66.9527,-24.0496,198.14,4.1
2022-06-25T16:11:32.443000Z,-78.4138,-4.8369,64.23,4.8
2022-06-25T03:54:51.364000Z,-71.4971,-29.5433,73.78,5.1
2022-06-24T06:24:36.593000Z,-66.5885,-28.8635,10.0,4.4
2022-06-24T06:23:31.242000Z,-66.603,-29.0732,10.0,4.2
2022-06-24T04:51:01.354000Z,-79.2016,-8.8169,71.61,5.1
2022-06-23T19:00:38.165000Z,-66.8544,-23.9714,199.02,4.6
2022-06-23T14:29:46.585000Z,-69.7354,-17.7046,151.24,4.9
2022-06-23T07:42:55.447000Z,-66.5595,-22.5742,224.92,4.2
2022-06-23T06:52:40.124000Z,-74.0431,-29.0012,10.0,3.9
2022-06-22T07:52:54.179000Z,-73.8936,-29.0023,10.0,4.2
2022-06-22T00:01:39.313000Z,-68.9932,-30.997,103.98,4.6
2022-06-21T08:09:59.168000Z,-69.3031,-28.0523,10.0,4.8
2022-06-21T07:33:52.545000Z,-74.2384,-16.1884,10.0,4.8
2022-06-20T19:04:29.410000Z,-67.5938,-24.3013,193.66,4.0
2022-06-20T10:53:48.480000Z,-66.1871,-22.5836,253.92,4.3
2022-06-20T01:17:48.133000Z,-68.7101,-20.2969,120.25,4.6
2022-06-19T22:16:49.091000Z,-70.8159,-17.2578,103.43,4.6
2022-06-19T21:06:12.458000Z,-68.6983,-22.2056,111.69,4.2
2022-06-19T18:58:50.239000Z,-76.8068,-14.7051,10.0,4.5
2022-06-19T14:38:18.199000Z,-65.9986,-22.0764,271.88,4.1
2022-06-18T18:24:12.538000Z,-69.5604,-33.5042,141.98,5.1
2022-06-17T18:09:20.380000Z,-68.7323,-23.5436,99.89,4.3
2022-06-17T02:50:53.866000Z,-71.1299,-16.6607,123.33,4.3
2022-06-16T22:02:30.823000Z,-66.8916,-27.9376,154.23,4.1
2022-06-16T02:43:54.884000Z,-77.4292,-0.4854,10.75,4.4
2022-06-15T02:08:02.164000Z,-69.0534,-20.4086,105.17,4.2
2022-06-14T22:52:47.329000Z,-67.2674,-22.046,176.66,4.6
2022-06-14T12:50:24.901000Z,-69.0062,-19.6179,128.19,4.5
2022-06-14T00:17:24.679000Z,-66.9676,-23.7819,225.3,4.3
2022-06-13T21:29:43.484000Z,-69.5786,-29.658,114.01,4.3
2022-06-13T07:54:27.130000Z,-69.2399,-20.4548,94.65,4.0
2022-06-12T16:32:20.151000Z,-66.5843,-23.4838,207.14,4.6
2022-06-12T02:37:43.758000Z,-78.0479,-0.7109,10.0,4.5
2022-06-11T13:40:09.958000Z,-67.1029,-32.3626,23.43,4.5
2022-06-11T12:27:14.220000Z,-68.2455,-21.1655,128.93,4.8
2022-06-11T09:23:53.400000Z,-72.4804,-14.8053,99.54,4.6
2022-06-11T03:50:18.733000Z,-69.1357,-20.2471,103.65,4.2
2022-06-10T20:43:10.230000Z,-74.8162,-39.2889,10.0,4.5
2022-06-10T13:28:12.373000Z,-80.6282,-0.6608,39.62,4.4
2022-06-10T02:41:57.410000Z,-74.3142,-8.4546,166.82,4.1
2022-06-09T22:12:11.026000Z,-79.132,-2.8532,76.26,4.4
2022-06-09T08:32:45.617000Z,-69.6997,-24.0477,77.89,4.8
2022-06-08T01:53:28.974000Z,-71.2633,-9.09,605.39,4.9
2022-06-08T00:55:46.312000Z,-71.205,-9.0858,608.51,6.5
2022-06-08T00:17:51.112000Z,-68.7003,-21.2063,126.53,4.2
2022-06-07T16:06:09.889000Z,-71.8964,-32.5197,10.99,4.1
2022-06-07T09:29:21.239000Z,-69.286,-29.849,119.22,4.5
2022-06-06T18:44:34.226000Z,-68.6783,-21.4724,111.46,4.3
2022-06-05T06:12:23.091000Z,-68.9032,-31.8711,10.0,4.4
2022-06-05T03:22:36.617000Z,-69.0542,-20.9826,109.03,4.1
2022-06-04T19:03:48.082000Z,-66.813,-19.5302,258.7,3.9
2022-06-04T06:48:33.883000Z,-71.5504,-15.2856,133.01,4.5
2022-06-04T04:48:53.568000Z,-73.71,-36.6117,31.12,4.0
2022-06-03T16:07:40.503000Z,-71.8598,-32.522,10.0,4.5
2022-06-03T15:20:26.770000Z,-70.118,-21.2038,74.1,4.4
2022-06-03T14:57:10.105000Z,-68.3847,-23.1877,111.63,4.6
2022-06-03T14:54:34.448000Z,-68.2614,-23.1521,99.18,5.3
2022-06-03T09:07:48.639000Z,-69.376,-19.2166,114.0,4.4
2022-06-03T06:24:56.480000Z,-80.9906,-2.0623,13.15,5.2
2022-06-02T15:44:50.685000Z,-70.0882,-21.8738,56.33,4.1
2022-06-02T14:42:15.651000Z,-69.7197,-31.6637,128.62,4.6
2022-06-02T11:56:08.744000Z,-66.9747,-24.241,179.62,4.4
2022-06-02T05:12:19.887000Z,-76.8333,-6.4376,22.64,4.5
2022-06-02T04:45:05.260000Z,-68.8604,-23.6609,99.81,4.3
2022-06-02T03:54:38.094000Z,-70.2856,-32.2291,112.9,4.4
2022-06-02T03:24:02.052000Z,-69.8565,-17.9538,112.35,4.0
2022-06-01T19:42:37.746000Z,-67.0873,-28.1369,161.74,4.4
2022-06-01T10:12:29.218000Z,-69.274,-20.1105,96.18,4.2
2022-06-01T10:00:05.790000Z,-66.7685,-21.5186,236.12,4.0
2022-06-01T04:12:53.966000Z,-71.4413,-29.6266,35.0,4.3
2022-06-01T02:39:21.674000Z,-72.151,-30.4326,10.48,4.2
2022-05-31T05:07:48.661000Z,-67.0347,-19.006,245.07,4.3
2022-05-31T00:29:29.501000Z,-68.8852,-20.5151,101.94,4.1
2022-05-30T21:18:52.896000Z,-67.0349,-24.1754,170.82,4.2
2022-05-30T20:41:36.388000Z,-66.3291,-31.0699,135.4,4.5
2022-05-30T14:30:47.844000Z,-68.7071,-31.3136,119.74,4.6
2022-05-30T07:04:19.647000Z,-76.7613,-12.703,56.12,4.6
2022-05-30T00:59:36.891000Z,-70.3598,-22.3059,35.0,4.4
2022-05-29T22:10:12.434000Z,-74.3423,-15.9327,35.0,4.2
2022-05-28T01:37:47.683000Z,-79.0187,-2.9392,81.36,3.9
2022-05-28T01:05:46.773000Z,-68.8363,-21.3515,108.49,4.1
2022-05-27T05:37:18.185000Z,-70.4536,-26.3814,79.83,4.8
2022-05-27T01:07:32.238000Z,-75.6267,-14.2879,43.0,5.5
2022-05-27T01:01:23.870000Z,-69.2093,-20.0898,100.9,4.1
2022-05-26T12:14:19.072000Z,-73.9944,-34.4895,10.0,5.1
2022-05-26T12:02:23.750000Z,-70.1969,-14.8942,252.0,7.2
2022-05-26T08:28:58.991000Z,-67.7187,-21.0903,211.15,4.2
2022-05-26T01:55:57.581000Z,-67.8925,-20.5656,162.43,4.3
2022-05-25T22:51:43.304000Z,-69.7599,-21.8916,67.26,4.5
2022-05-25T16:05:36.771000Z,-74.6141,-8.626,10.0,4.5
2022-05-25T13:07:21.338000Z,-67.2757,-21.3183,197.08,4.5
2022-05-24T17:35:00.243000Z,-71.8211,-34.7426,27.9,4.1
2022-05-24T12:57:58.249000Z,-69.5489,-17.5203,148.37,5.4
2022-05-24T03:47:39.346000Z,-70.8894,-28.1437,46.77,4.9
2022-05-24T03:34:26.934000Z,-67.6548,-22.4669,179.28,4.2
2022-05-23T07:15:28.099000Z,-68.212,-17.6683,220.39,4.3
2022-05-22T19:23:53.333000Z,-67.943,-31.2956,58.29,4.5
2022-05-22T14:32:37.015000Z,-68.5056,-21.1983,135.23,4.0
2022-05-21T13:41:46.163000Z,-69.1417,-20.5483,101.11,4.4
2022-05-21T09:56:07.529000Z,-71.7857,-32.5696,27.34,4.2
2022-05-20T23:47:48.396000Z,-70.8068,-27.0141,42.29,4.5
2022-05-20T21:15:43.494000Z,-69.2239,-20.7762,104.56,4.1
2022-05-20T09:07:45.672000Z,-72.0403,-29.5409,10.0,5.8
2022-05-20T00:04:11.827000Z,-76.3068,-14.914,10.0,4.7
2022-05-18T19:20:26.775000Z,-65.7278,-17.1719,10.0,4.2
2022-05-18T11:27:08.428000Z,-69.828,-17.9816,135.63,4.6
2022-05-18T00:21:17.988000Z,-67.0052,-23.6481,231.71,4.3
2022-05-17T20:18:00.131000Z,-66.3484,-22.7755,260.67,4.0
2022-05-17T14:46:44.245000Z,-67.35,-24.1817,210.61,4.0
2022-05-17T07:19:33.835000Z,-71.5353,-36.8148,10.0,4.6
2022-05-16T13:33:44.526000Z,-73.0711,-17.918,10.0,4.6
2022-05-16T13:30:03.807000Z,-73.0888,-17.8897,10.0,4.3
2022-05-16T13:02:55.608000Z,-72.9044,-18.0672,10.0,4.2
2022-05-16T01:17:01.237000Z,-68.8416,-21.2706,125.39,4.0
2022-05-15T13:00:45.660000Z,-66.7615,-23.4872,197.51,4.5
2022-05-15T04:29:00.315000Z,-74.4893,-34.9889,10.0,4.6
2022-05-14T22:27:28.588000Z,-71.5039,-8.4512,579.96,4.6
2022-05-14T11:47:15.559000Z,-66.7726,-23.5731,206.34,4.3
2022-05-14T05:07:22.528000Z,-73.5331,-35.7482,10.0,4.3
2022-05-13T19:01:17.086000Z,-72.0376,-15.6837,128.51,4.0
2022-05-13T15:17:51.272000Z,-71.333,-30.6297,49.37,4.1
2022-05-13T09:47:51.401000Z,-67.0688,-23.9218,212.88,4.3
2022-05-13T03:59:21.750000Z,-69.7608,-20.3353,48.36,3.0
2022-05-12T21:55:48.525000Z,-76.8921,-12.3812,52.08,5.5
2022-05-12T16:52:59.832000Z,-80.7117,-6.4817,49.38,4.8
2022-05-12T16:43:28.127000Z,-69.202,-20.056,99.59,4.0
2022-05-12T03:22:07.147000Z,-66.611,-24.1106,184.81,4.2
2022-05-12T01:01:03.155000Z,-67.7942,-28.3607,171.73,4.6
2022-05-11T15:21:15.621000Z,-70.2303,-21.6946,60.83,5.1
2022-05-11T13:22:16.340000Z,-67.2365,-24.2557,180.3,4.3
2022-05-11T12:15:32.763000Z,-68.578,-29.3285,129.88,4.7
2022-05-10T23:06:32.538000Z,-66.6519,-23.496,220.0,6.8
2022-05-10T08:42:06.572000Z,-63.4037,-27.0668,564.72,5.4
2022-05-10T05:22:45.224000Z,-70.1306,-17.6045,133.43,4.3
2022-05-10T04:06:14.362000Z,-70.1725,-20.3142,36.26,3.1
2022-05-10T02:18:31.171000Z,-70.3591,-17.5676,95.72,4.6
2022-05-09T22:24:56.459000Z,-74.7261,-13.1642,80.51,4.5
2022-05-09T22:10:50.821000Z,-81.3199,-8.3934,10.0,4.8
2022-05-09T14:49:13.342000Z,-68.8354,-20.3244,118.49,4.2
2022-05-09T07:25:15.066000Z,-69.5543,-33.6257,141.73,4.7
2022-05-09T05:06:43.516000Z,-68.8277,-22.1273,122.57,4.4
2022-05-09T03:20:02.232000Z,-68.9998,-38.5865,10.0,4.5
2022-05-08T16:31:42.735000Z,-66.9674,-23.9807,231.22,4.2
2022-05-08T12:51:25.628000Z,-81.6163,-8.4812,10.0,4.3
2022-05-08T12:30:35.718000Z,-69.7889,-21.4236,53.54,4.2
2022-05-08T07:20:48.284000Z,-70.2942,-19.8925,76.11,3.3
2022-05-07T12:29:57.574000Z,-69.36,-27.3026,120.03,4.3
2022-05-07T06:31:11.027000Z,-69.7864,-17.9232,145.42,4.1
2022-05-07T06:12:23.484000Z,-72.9156,-36.4822,28.87,4.5
2022-05-06T23:29:00.395000Z,-70.5909,-15.7404,211.13,4.4
2022-05-06T22:35:14.325000Z,-74.3141,-34.9489,10.0,3.9
2022-05-06T14:02:12.219000Z,-71.8225,-14.9224,123.46,4.3
2022-05-06T12:44:48.629000Z,-68.2252,-29.1846,56.48,4.6
2022-05-06T07:29:58.839000Z,-68.7473,-21.127,124.47,4.2
2022-05-06T02:39:59.543000Z,-78.4059,-0.1985,10.0,3.9
2022-05-05T21:05:24.184000Z,-73.0502,-33.1128,10.0,5.1
2022-05-05T20:29:21.400000Z,-72.8933,-16.0125,54.22,4.6
2022-05-05T07:23:53.209000Z,-71.3046,-28.4923,29.97,4.2
2022-05-05T04:43:14.988000Z,-69.7775,-20.3528,36.73,3.4
2022-05-05T01:32:59.562000Z,-72.0971,-30.055,10.0,4.1
2022-05-05T01:02:38.077000Z,-67.3223,-24.2364,198.17,4.4
2022-05-04T15:03:43.783000Z,-69.3919,-19.2306,108.83,4.5
2022-05-04T12:57:21.243000Z,-72.0153,-32.2514,10.0,4.4
2022-05-04T12:48:21.972000Z,-72.0113,-32.2286,21.79,5.1
2022-05-04T11:59:34.576000Z,-71.8607,-32.2317,18.8,5.2
2022-05-04T06:54:12.184000Z,-71.9194,-32.2463,12.1,4.8
2022-05-04T03:45:58.581000Z,-71.925,-32.2409,16.34,5.0
2022-05-03T18:07:47.145000Z,-70.5314,-19.3607,61.59,4.1
2022-05-03T13:20:41.063000Z,-66.8568,-23.8609,226.64,4.0
2022-05-03T09:50:04.318000Z,-71.4286,-30.7873,48.13,4.2
2022-05-02T20:07:53.266000Z,-66.6389,-23.8183,203.51,4.0
2022-05-01T19:26:00.690000Z,-74.0699,-37.2134,10.0,4.8
2022-05-01T09:19:13.181000Z,-63.3382,-27.6627,571.99,4.2
2022-04-30T11:25:34.448000Z,-66.5871,-22.9141,219.78,4.5
2022-04-30T09:21:28.857000Z,-72.0363,-34.4606,20.24,4.5
2022-04-30T04:56:05.925000Z,-70.3833,-31.2542,115.49,4.1
2022-04-29T21:56:52.102000Z,-73.0107,-15.3931,81.57,4.4
2022-04-29T18:49:51.840000Z,-79.5186,-2.7513,56.49,4.8
2022-04-29T15:14:49.424000Z,-71.9958,-32.4498,30.81,4.6
2022-04-29T10:40:30.299000Z,-68.4,-23.0153,119.92,4.0
2022-04-28T22:29:25.534000Z,-71.8989,-15.0086,121.9,4.5
2022-04-28T16:18:44.134000Z,-67.4288,-21.2293,185.31,4.2
2022-04-28T05:14:04.871000Z,-68.8904,-20.802,112.18,4.0
2022-04-28T01:58:35.683000Z,-66.6168,-21.4079,230.78,4.3
2022-04-27T14:13:53.891000Z,-69.1458,-19.8958,104.86,4.5
2022-04-27T01:11:37.979000Z,-67.1049,-24.3343,163.46,4.3
2022-04-26T17:02:55.597000Z,-69.5898,-20.1985,40.63,3.6
2022-04-25T14:03:49.288000Z,-69.6924,-20.6379,88.68,3.7
2022-04-25T01:09:25.869000Z,-67.0099,-23.8858,183.86,4.3
2022-04-24T21:46:09.847000Z,-69.5516,-17.6922,142.59,4.2
2022-04-24T14:45:06.230000Z,-71.2986,-35.2297,89.67,5.0
2022-04-24T11:30:02.829000Z,-68.5212,-21.1943,138.63,4.6
2022-04-23T11:14:51.947000Z,-70.9674,-25.4383,22.92,4.5
2022-04-23T10:02:13.126000Z,-74.2739,-8.7351,67.06,4.4
2022-04-23T09:42:40.460000Z,-66.2346,-22.9252,271.91,4.3
2022-04-23T08:25:59.227000Z,-74.106,-37.2119,8.3,4.4
2022-04-23T08:10:50.251000Z,-74.1288,-37.1653,10.0,4.3
2022-04-23T04:40:55.955000Z,-65.8858,-18.6061,44.3,4.3
2022-04-23T04:39:34.186000Z,-76.7434,-5.0892,117.46,4.2
2022-04-21T19:27:27.252000Z,-68.3085,-21.3898,118.3,4.6
2022-04-21T08:47:12.650000Z,-66.6918,-21.6425,214.45,4.4
2022-04-20T13:19:11.908000Z,-66.2996,-27.2485,174.38,4.9
2022-04-20T11:19:05.569000Z,-68.2444,-22.928,102.28,5.7
2022-04-20T09:40:35.447000Z,-71.3767,-32.1,58.3,4.4
2022-04-20T05:38:47.987000Z,-77.7702,-1.6448,183.59,4.2
2022-04-19T15:04:17.893000Z,-68.527,-31.2468,111.43,4.5
2022-04-19T12:56:09.903000Z,-67.1469,-24.6381,169.69,4.6
2022-04-19T11:42:30.141000Z,-67.2464,-21.3062,219.13,4.5
2022-04-19T04:31:25.915000Z,-67.1663,-23.846,210.65,4.4
2022-04-19T03:04:23.976000Z,-69.7502,-31.666,118.47,4.4
2022-04-17T21:58:54.473000Z,-68.6459,-21.8304,129.45,4.3
2022-04-17T09:39:09.938000Z,-71.532,-32.1705,40.58,4.2
2022-04-17T06:21:27.764000Z,-67.0042,-24.0903,214.06,4.2
2022-04-16T23:32:02.787000Z,-69.5003,-31.5015,118.17,4.2
2022-04-16T19:54:17.587000Z,-69.5175,-16.6569,189.8,4.3
2022-04-16T17:10:34.511000Z,-72.3626,-33.989,11.65,5.0
2022-04-16T13:53:17.157000Z,-71.7809,-29.8639,55.67,4.5
2022-04-16T13:37:38.359000Z,-78.361,-0.1683,10.0,4.2
2022-04-16T09:03:51.421000Z,-72.1453,-31.6539,10.0,4.0
2022-04-15T16:43:31.180000Z,-69.9667,-22.7778,65.06,5.0
2022-04-15T10:02:13.649000Z,-68.7013,-22.5341,121.39,4.3
2022-04-15T05:49:17.050000Z,-68.5772,-21.1017,131.52,4.5
2022-04-15T02:30:50.428000Z,-70.698,-27.1925,42.91,4.4
2022-04-14T22:17:55.573000Z,-71.4483,-32.179,45.59,4.9
2022-04-14T17:51:39.467000Z,-76.2648,-7.7929,128.75,4.6
2022-04-14T15:49:54.254000Z,-65.9957,-21.9969,255.71,4.9
2022-04-14T13:28:40.087000Z,-72.4222,-31.6616,10.0,4.2
2022-04-14T13:01:31.517000Z,-72.1169,-31.6253,10.0,4.1
2022-04-14T12:53:12.761000Z,-72.1902,-31.6463,10.0,4.6
2022-04-14T01:29:10.886000Z,-70.9358,-26.3799,27.92,4.4
2022-04-13T16:21:24.688000Z,-69.0183,-19.4145,123.85,4.9
2022-04-13T06:54:03.632000Z,-67.1243,-24.3001,168.31,4.4
2022-04-13T03:42:39.681000Z,-69.5906,-18.7045,120.36,4.3
2022-04-13T03:40:27.659000Z,-68.8111,-21.2601,116.18,4.0
2022-04-12T18:44:01.932000Z,-75.1087,-12.1342,56.9,4.2
2022-04-12T16:07:47.145000Z,-72.3647,-33.9623,16.17,4.9
2022-04-12T09:36:08.953000Z,-69.2306,-17.7604,147.81,4.5
2022-04-12T06:28:59.075000Z,-74.9187,-8.7824,143.82,4.6
2022-04-11T19:44:53.437000Z,-70.0915,-19.1366,57.13,4.6
2022-04-11T18:32:59.039000Z,-66.7488,-23.7208,202.98,4.5
2022-04-11T09:40:06.706000Z,-74.7651,-9.6127,66.09,4.4
2022-04-11T01:46:28.028000Z,-68.5739,-21.1104,127.86,4.6
2022-04-10T22:13:42.074000Z,-67.3528,-21.3441,211.77,4.1
2022-04-10T22:10:55.106000Z,-69.132,-20.1212,113.88,4.0
2022-04-10T13:33:05.197000Z,-72.781,-15.3694,10.0,3.9
2022-04-10T05:56:31.247000Z,-74.3795,-13.6913,67.49,4.2
2022-04-10T03:37:25.892000Z,-75.1718,-11.7547,38.68,4.5
2022-04-10T03:04:04.686000Z,-75.1421,-11.7384,10.01,5.0
2022-04-09T16:28:54.941000Z,-70.2943,-32.8145,117.03,4.6
2022-04-08T09:03:42.950000Z,-68.8201,-22.4549,114.73,4.1
2022-04-08T02:18:57.088000Z,-70.9868,-25.4007,10.0,4.3
2022-04-08T00:14:23.809000Z,-68.7774,-22.1317,118.17,4.2
2022-04-07T21:14:16.424000Z,-68.8411,-21.1291,130.53,4.3
2022-04-07T10:01:42.785000Z,-67.0442,-24.157,173.8,4.3
2022-04-07T04:39:47.842000Z,-73.2664,-15.9429,82.22,4.2
2022-04-07T03:30:42.308000Z,-75.2701,-13.3243,86.46,5.1
2022-04-05T23:29:06.096000Z,-66.9675,-23.8707,182.51,4.6
2022-04-05T18:41:42.495000Z,-66.8829,-24.2157,196.96,4.3
2022-04-05T14:11:20.199000Z,-73.0429,-16.7925,66.19,4.1
2022-04-05T13:09:25.349000Z,-69.256,-27.7515,98.75,4.4
2022-04-05T02:14:29.771000Z,-67.3625,-24.1475,213.44,4.2
2022-04-05T01:35:33.174000Z,-67.4909,-19.4089,226.4,4.4
2022-04-04T14:18:20.651000Z,-79.1884,-2.3328,112.19,4.5
2022-04-04T09:44:07.745000Z,-69.2259,-19.8182,112.58,4.2
2022-04-04T09:33:36.679000Z,-66.807,-23.9714,189.89,4.4
2022-04-03T17:29:31.016000Z,-76.9158,-4.4845,111.24,4.5
2022-04-03T09:57:17.587000Z,-68.5753,-22.0777,125.61,4.2
2022-04-03T05:16:36.299000Z,-67.0645,-31.4739,111.44,5.1
2022-04-03T04:06:56.106000Z,-70.6928,-33.7721,86.73,3.5
2022-04-02T17:02:04.440000Z,-71.8123,-30.6689,23.11,4.4
2022-04-01T11:28:04.269000Z,-67.9821,-31.4086,107.23,5.1
2022-04-01T04:05:26.587000Z,-78.3209,-10.3803,63.32,4.4
2022-03-31T21:54:39.802000Z,-76.9011,-5.9993,127.47,4.3
2022-03-31T03:54:56.970000Z,-67.3857,-20.9772,189.63,4.2
2022-03-31T02:00:52.849000Z,-72.291,-33.5243,10.0,4.2
2022-03-31T00:11:47.482000Z,-77.9946,-11.1596,52.04,5.1
2022-03-30T23:17:09.393000Z,-71.4619,-28.7032,22.36,5.0
2022-03-30T16:30:07.124000Z,-70.0138,-25.67,74.15,4.4
2022-03-30T03:05:13.852000Z,-69.3521,-30.2431,124.21,4.3
2022-03-29T18:56:14.965000Z,-71.8017,-32.5298,35.0,3.7
2022-03-29T14:53:29.212000Z,-72.8918,-13.7057,58.63,4.5
2022-03-29T14:11:04.523000Z,-79.802,-10.2702,10.0,4.3
2022-03-28T04:47:25.387000Z,-66.2767,-22.5356,242.71,4.4
2022-03-28T03:26:48.850000Z,-71.4066,-30.3506,35.91,4.2
2022-03-27T18:35:01.459000Z,-72.2761,-33.5705,10.0,4.6
2022-03-27T05:57:35.082000Z,-67.1746,-31.6767,120.33,4.6
2022-03-25T21:15:53.542000Z,-70.0684,-20.3624,17.97,2.6
2022-03-25T16:32:05.781000Z,-70.9358,-34.7539,109.47,4.1
2022-03-25T00:56:22.378000Z,-71.632,-15.5851,123.58,5.3
2022-03-23T21:06:07.104000Z,-80.3958,-8.6693,10.0,4.3
2022-03-23T16:36:04.769000Z,-69.4092,-24.4303,70.07,4.1
2022-03-23T15:19:53.054000Z,-69.2977,-19.4737,99.56,4.2
2022-03-23T08:26:43.818000Z,-66.7249,-23.5859,216.4,4.4
2022-03-23T03:30:09.132000Z,-69.1659,-20.179,91.52,4.2
2022-03-22T22:51:31.877000Z,-79.8113,-8.2958,37.37,4.3
2022-03-22T21:29:46.532000Z,-66.5337,-23.854,185.09,4.6
2022-03-22T15:43:34.886000Z,-66.9802,-24.2198,167.84,4.3
2022-03-21T20:18:59.771000Z,-69.89,-21.0333,36.0,4.4
2022-03-21T06:42:32.124000Z,-68.7882,-21.0922,128.95,4.5
2022-03-21T05:57:35.857000Z,-77.276,-6.3755,92.92,4.1
2022-03-20T21:07:57.906000Z,-67.2156,-24.242,193.16,4.3
2022-03-20T16:58:11.444000Z,-67.0342,-24.1812,183.44,4.4
2022-03-20T14:39:47.494000Z,-70.4526,-13.3295,10.0,4.9
2022-03-19T21:05:07.856000Z,-72.2437,-30.3515,6.88,4.7
2022-03-19T09:31:16.921000Z,-67.0952,-28.0525,201.04,4.2
2022-03-19T06:27:05.437000Z,-73.9546,-37.0013,10.88,4.6
2022-03-18T14:27:45.621000Z,-67.5876,-19.4413,235.01,4.5
2022-03-18T11:32:22.189000Z,-70.9818,-16.9333,111.16,4.4
2022-03-18T05:19:00.998000Z,-72.156,-33.1527,20.12,3.8
2022-03-17T19:26:41.784000Z,-68.4111,-31.4918,112.59,4.5
2022-03-17T11:05:36.778000Z,-66.9003,-26.8308,136.9,4.4
2022-03-17T09:38:42.353000Z,-71.9128,-15.8854,10.0,4.6
2022-03-17T08:11:27.242000Z,-78.0366,-1.6307,163.43,4.2
2022-03-17T01:02:09.730000Z,-69.2507,-20.4675,75.23,4.1
2022-03-16T15:07:49.039000Z,-71.1329,-19.6695,20.35,4.5
2022-03-16T14:00:13.191000Z,-69.108,-20.131,97.76,4.1
2022-03-16T06:52:35.003000Z,-69.5243,-18.0631,132.12,4.1
2022-03-16T06:06:35.696000Z,-71.9595,-15.6884,10.74,5.5
2022-03-16T04:54:12.296000Z,-72.0767,-16.1641,35.0,4.1
2022-03-15T23:14:42.063000Z,-67.2907,-24.039,222.56,4.2
2022-03-15T23:03:56.033000Z,-70.491,-22.7255,34.0,4.4
2022-03-15T17:31:19.032000Z,-69.6249,-21.4236,16.84,4.0
2022-03-15T13:50:30.779000Z,-69.3332,-21.1064,98.43,4.8
2022-03-15T10:20:08.046000Z,-71.9649,-15.7764,10.0,4.7
2022-03-15T06:37:43.360000Z,-67.0534,-19.0504,251.77,4.2
2022-03-14T22:20:14.313000Z,-68.5016,-21.8846,114.84,4.4
2022-03-14T14:04:48.577000Z,-72.1469,-31.7768,15.07,4.5
2022-03-14T10:01:52.498000Z,-70.942,-19.9351,10.59,4.5
2022-03-13T22:13:38.234000Z,-70.41,-33.3194,104.01,4.1
2022-03-13T19:14:01.148000Z,-74.7713,-13.5237,88.53,4.4
2022-03-13T10:51:03.577000Z,-78.17,-1.9892,12.11,4.6
2022-03-13T09:23:12.685000Z,-68.925,-21.2829,126.5,4.2
2022-03-12T22:18:21.113000Z,-68.7483,-21.036,105.17,4.1
2022-03-12T14:30:38.318000Z,-70.519,-15.641,209.1,4.5
2022-03-12T12:27:48.322000Z,-71.2053,-27.4748,17.33,4.8
2022-03-12T03:54:09.125000Z,-74.1539,-37.1272,10.0,4.5
2022-03-11T20:02:30.305000Z,-74.1999,-8.4711,147.92,4.6
2022-03-11T15:48:26.155000Z,-67.5154,-28.4564,118.18,4.5
2022-03-11T09:20:21.036000Z,-67.1244,-24.3223,169.18,4.2
2022-03-10T08:34:30.967000Z,-68.9372,-20.3575,115.91,4.2
2022-03-09T18:18:18.085000Z,-76.2461,-14.2401,35.76,4.9
2022-03-09T18:04:03.582000Z,-68.54,-22.1666,106.35,4.8
2022-03-08T14:31:45.097000Z,-66.2668,-22.8573,231.43,4.2
2022-03-08T10:35:52.514000Z,-71.1141,-19.9625,18.93,4.1
2022-03-08T04:16:10.807000Z,-67.1628,-24.2745,205.46,4.1
2022-03-07T03:05:45.350000Z,-63.6355,-17.5261,10.0,4.2
2022-03-07T01:54:14.176000Z,-72.5073,-15.3699,117.34,4.2
2022-03-06T20:02:27.783000Z,-67.2971,-24.3063,199.32,4.3
2022-03-06T17:10:25.302000Z,-66.9194,-23.1665,231.62,4.3
2022-03-06T13:42:31.907000Z,-71.6525,-15.8686,136.99,3.9
2022-03-06T09:35:07.327000Z,-68.7458,-28.5602,108.2,5.5
2022-03-06T02:25:52.801000Z,-69.0025,-21.3921,118.24,4.0
2022-03-05T17:34:24.759000Z,-66.8189,-22.8227,209.56,4.2
2022-03-05T10:12:09.727000Z,-70.8832,-28.2931,89.87,4.5
2022-03-05T07:45:28.754000Z,-74.1367,-10.5746,136.33,5.1
2022-03-05T01:10:08.274000Z,-66.0638,-22.4383,266.0,5.7
2022-03-04T09:03:18.334000Z,-71.5045,-29.5577,35.0,4.7
2022-03-04T09:01:32.854000Z,-71.56,-29.5174,35.0,4.3
2022-03-03T19:17:47.904000Z,-70.1401,-16.9645,161.7,5.1
2022-03-03T18:02:56.909000Z,-68.9838,-20.573,109.78,4.3
2022-03-03T09:30:23.261000Z,-67.4873,-27.3973,120.1,4.7
2022-03-03T04:56:40.971000Z,-70.4601,-33.5236,100.76,4.6
2022-03-02T19:18:28.162000Z,-71.8878,-32.2615,19.31,4.0
2022-03-02T11:11:21.650000Z,-81.1985,-5.9114,37.81,4.4
2022-03-02T06:26:04.961000Z,-69.563,-18.5788,131.35,4.3
2022-03-02T04:16:48.585000Z,-76.3403,-14.2428,10.0,4.6
2022-03-01T03:42:07.350000Z,-74.0335,-36.8972,10.0,4.0
2022-02-28T04:57:35.344000Z,-74.0282,-37.0108,14.52,4.3
2022-02-28T04:18:06.633000Z,-68.3938,-21.856,130.5,4.5
2022-02-28T01:52:51.374000Z,-73.955,-36.9602,14.0,4.7
2022-02-28T01:15:16.651000Z,-73.993,-36.9801,9.93,5.7
2022-02-27T22:52:39.841000Z,-70.4614,-33.6914,91.78,4.3
2022-02-27T20:55:34.876000Z,-64.1984,-15.9374,586.96,4.3
2022-02-27T20:49:47.560000Z,-71.7733,-29.8884,27.21,5.1
2022-02-27T16:40:50.354000Z,-72.1003,-31.9433,10.0,4.1
2022-02-27T03:48:00.711000Z,-71.2471,-31.9597,49.31,4.1
2022-02-26T21:28:51.808000Z,-72.4135,-32.8695,14.98,4.2
2022-02-26T20:39:26.759000Z,-71.3864,-35.358,90.14,4.2
2022-02-26T14:45:37.732000Z,-71.8412,-34.8145,41.16,4.4
2022-02-25T12:19:56.530000Z,-69.1742,-20.4873,94.33,4.1
2022-02-25T11:03:21.055000Z,-66.7545,-23.9557,206.17,4.5
2022-02-25T10:11:08.133000Z,-67.0773,-24.1086,196.15,4.1
2022-02-25T08:08:58.893000Z,-67.2621,-24.3018,175.78,4.2
2022-02-25T05:10:56.073000Z,-70.3621,-28.685,104.01,4.6
2022-02-23T21:37:44.494000Z,-69.483,-21.2772,12.83,4.2
2022-02-23T08:49:36.490000Z,-67.1842,-21.7846,180.51,4.4
2022-02-23T03:58:37.332000Z,-65.2148,-28.2902,26.63,4.4
2022-02-22T21:16:04.747000Z,-70.3511,-25.8485,59.59,4.5
2022-02-22T09:32:44.731000Z,-72.1793,-15.2461,123.13,4.1
2022-02-22T08:38:42.431000Z,-68.6946,-21.8827,138.98,4.2
2022-02-22T06:12:50.740000Z,-66.2653,-22.6656,251.0,6.0
2022-02-22T00:57:32.679000Z,-80.9908,-6.5417,35.0,4.5
2022-02-21T19:37:42.472000Z,-68.7919,-21.017,140.28,4.4
2022-02-21T16:40:33.176000Z,-77.3583,-2.2341,152.93,4.3
2022-02-21T14:34:41.164000Z,-67.0593,-24.1338,158.66,4.3
2022-02-21T11:26:46.942000Z,-68.8968,-20.7241,107.71,4.3
2022-02-20T11:58:20.479000Z,-71.2335,-18.4059,22.42,5.1
2022-02-20T10:33:24.637000Z,-68.6089,-21.1833,139.56,4.2
2022-02-18T23:46:31.930000Z,-70.0983,-20.1477,41.86,2.8
2022-02-17T16:24:42.535000Z,-78.0537,-1.5803,168.52,4.5
2022-02-17T16:19:18.960000Z,-69.1835,-28.3027,108.44,4.3
2022-02-17T08:24:12.278000Z,-67.9619,-20.766,186.95,4.4
2022-02-17T04:29:55.899000Z,-72.0496,-15.7769,127.7,4.1
2022-02-16T23:59:26.134000Z,-71.1104,-29.8095,83.1,4.0
2022-02-16T06:08:04.798000Z,-70.1464,-19.2363,48.79,4.0
2022-02-15T04:55:29.056000Z,-71.8796,-36.973,98.93,4.3
2022-02-13T04:31:19.688000Z,-68.6551,-21.3336,125.42,4.5
2022-02-11T12:30:26.953000Z,-72.449,-32.8822,16.22,4.0
2022-02-11T08:11:31.957000Z,-75.7348,-10.7241,98.12,4.1
2022-02-11T03:26:43.085000Z,-68.9079,-21.272,115.65,4.2
2022-02-10T01:33:24.613000Z,-68.5764,-31.4027,108.12,4.1
2022-02-09T14:30:31.614000Z,-74.5063,-16.0311,10.0,4.7
2022-02-09T11:39:11.894000Z,-69.1522,-20.6211,93.38,4.7
2022-02-09T05:05:39.066000Z,-71.3497,-29.5643,46.84,4.2
2022-02-08T05:22:08.579000Z,-71.1984,-25.7923,10.0,4.4
2022-02-07T15:04:07.285000Z,-67.4291,-20.2592,207.43,4.5
2022-02-07T04:02:01.833000Z,-77.1643,-2.3826,133.51,4.1
2022-02-06T23:46:31.360000Z,-68.6453,-22.1892,103.39,5.3
2022-02-04T20:52:52.377000Z,-69.0392,-20.4507,106.08,4.0
2022-02-04T15:10:17.085000Z,-68.9239,-21.5589,117.38,4.1
2022-02-04T07:48:02.178000Z,-66.9927,-27.9119,162.5,4.5
2022-02-03T21:29:29.568000Z,-69.0563,-31.9497,121.64,4.4
2022-02-03T16:33:02.901000Z,-68.7367,-22.4604,112.27,4.2
2022-02-03T15:58:57.372000Z,-76.9313,-4.4587,110.0,6.5
2022-02-03T13:26:13.497000Z,-73.6867,-34.6149,10.0,4.5
2022-02-03T10:35:53.066000Z,-71.5342,-30.5536,60.49,4.1
2022-02-03T09:35:51.266000Z,-64.9863,-23.2267,24.36,5.0
2022-02-03T07:02:28.747000Z,-79.5827,-3.8646,70.64,4.0
2022-02-03T03:12:37.681000Z,-66.7448,-23.1514,209.48,4.4
2022-02-03T03:11:58.234000Z,-69.4759,-19.3596,111.1,4.2
2022-02-02T22:16:28.264000Z,-78.4868,-10.9468,49.57,4.7
2022-02-02T22:16:08.694000Z,-69.173,-16.912,190.92,4.0
2022-02-02T19:28:45.737000Z,-74.4861,-8.3292,153.37,4.3
2022-02-02T02:15:12.522000Z,-68.2119,-23.4979,131.22,4.2
2022-02-01T00:52:42.337000Z,-68.5308,-31.3306,107.42,4.9
2022-01-31T21:36:17.102000Z,-71.9834,-29.8948,9.43,4.5
2022-01-31T15:27:59.098000Z,-73.2981,-14.6128,122.64,4.2
2022-01-31T00:08:15.666000Z,-74.0062,-14.9742,76.78,5.0
2022-01-30T15:08:20.489000Z,-67.0189,-24.09,213.06,4.3
2022-01-30T10:42:16.060000Z,-69.9814,-25.9964,85.54,4.2
2022-01-30T02:44:56.288000Z,-64.9189,-23.2947,10.0,4.8
2022-01-29T22:37:42.394000Z,-74.5674,-7.8719,155.12,4.4
2022-01-29T21:18:17.600000Z,-75.5466,-9.4793,10.0,4.5
2022-01-29T20:46:05.997000Z,-67.5554,-21.9173,194.68,4.4
2022-01-29T20:04:54.207000Z,-80.9415,-5.5048,35.0,4.2
2022-01-29T12:56:53.611000Z,-67.4973,-28.1491,122.59,4.5
2022-01-29T03:58:23.606000Z,-67.7394,-21.0085,168.4,4.4
2022-01-29T02:23:34.333000Z,-70.4013,-33.5527,16.98,3.3
2022-01-28T13:43:26.649000Z,-69.6263,-18.7824,131.49,5.2
2022-01-28T05:20:37.272000Z,-68.5972,-21.4012,130.96,4.6
2022-01-28T00:31:25.119000Z,-69.3893,-19.1423,90.37,5.5
2022-01-27T14:20:58.819000Z,-73.904,-10.8962,119.8,4.5
2022-01-27T03:00:48.233000Z,-68.7512,-32.4304,118.79,4.7
2022-01-26T20:47:50.821000Z,-75.4273,-14.8417,55.29,4.6
2022-01-26T19:42:52.902000Z,-68.5079,-22.7643,10.0,4.5
2022-01-26T14:54:52.469000Z,-70.2096,-18.8643,83.99,4.0
2022-01-26T14:38:33.952000Z,-69.5232,-24.0519,93.64,4.2
2022-01-26T14:19:06.882000Z,-69.4879,-24.0503,89.72,4.3
2022-01-26T03:28:06.873000Z,-68.2043,-27.3281,124.87,4.4
2022-01-26T01:16:34.979000Z,-69.221,-31.8855,107.02,4.4
2022-01-25T18:47:47.768000Z,-74.3137,-8.49,155.12,4.3
2022-01-25T13:40:19.075000Z,-69.1204,-19.6377,105.75,4.9
2022-01-25T10:19:14.523000Z,-80.1585,-10.4293,10.0,4.5
2022-01-25T04:07:28.851000Z,-67.4903,-21.2787,226.27,4.2
2022-01-24T16:37:06.299000Z,-72.873,-16.0335,81.34,4.1
2022-01-24T06:40:33.870000Z,-68.8572,-21.2593,132.45,4.5
2022-01-23T22:30:36.662000Z,-67.0678,-24.3344,166.21,4.4
2022-01-23T18:28:41.475000Z,-68.558,-21.0407,148.35,4.4
2022-01-23T04:12:32.411000Z,-70.5734,-13.9487,10.0,4.2
2022-01-22T20:03:45.911000Z,-68.481,-22.7477,14.84,4.5
2022-01-22T20:00:13.860000Z,-68.4723,-22.8174,18.68,4.6
2022-01-22T17:55:50.611000Z,-67.0951,-27.9061,247.2,4.4
2022-01-22T15:02:05.287000Z,-66.9905,-23.8619,244.54,4.4
2022-01-22T07:23:34.627000Z,-75.5168,-14.5228,52.72,4.8
2022-01-21T20:20:24.081000Z,-68.8658,-20.9848,114.65,4.3
2022-01-21T06:54:45.703000Z,-69.1649,-20.7764,108.04,3.8
2022-01-20T15:33:09.086000Z,-70.2356,-21.1585,38.01,4.0
2022-01-20T10:43:56.428000Z,-67.4847,-21.6898,214.21,4.2
2022-01-20T06:32:25.795000Z,-75.4936,-10.2085,21.35,4.6
2022-01-20T03:30:38.689000Z,-74.2479,-37.3642,10.0,4.0
2022-01-20T01:28:19.645000Z,-67.9643,-22.521,183.42,4.3
2022-01-19T22:02:24.493000Z,-68.4608,-21.5368,130.68,4.2
2022-01-19T21:27:31.228000Z,-74.1585,-37.4026,11.57,4.5
2022-01-19T14:58:06.359000Z,-72.2432,-30.6546,10.0,4.1
2022-01-19T01:50:28.273000Z,-66.8677,-23.7622,213.65,4.1
2022-01-18T21:56:50.349000Z,-78.7454,-2.6364,78.43,4.2
2022-01-18T16:34:58.003000Z,-69.2166,-19.6517,103.83,4.3
2022-01-18T16:23:48.868000Z,-69.1383,-19.8204,120.08,4.4
2022-01-18T14:45:54.630000Z,-71.0647,-18.4169,35.0,4.2
2022-01-18T10:18:30.005000Z,-69.0653,-22.8222,109.36,4.0
2022-01-18T09:02:47.461000Z,-70.4224,-17.6227,106.48,4.1
2022-01-18T03:01:20.439000Z,-67.1353,-24.0918,218.98,4.3
2022-01-17T09:07:50.627000Z,-73.4233,-17.9357,10.0,4.5
2022-01-17T08:42:49.174000Z,-68.8464,-31.7628,10.0,4.2
2022-01-17T07:28:34.434000Z,-66.9681,-23.9653,235.44,4.0
2022-01-17T04:59:31.950000Z,-72.098,-29.9755,10.0,4.6
2022-01-16T16:36:46.372000Z,-72.0759,-15.3255,108.6,4.3
2022-01-16T00:00:16.211000Z,-71.7273,-31.0424,69.43,4.6
2022-01-15T21:54:16.366000Z,-69.6397,-17.5569,170.37,4.2
2022-01-15T01:26:31.664000Z,-68.2482,-21.464,155.2,4.0
2022-01-14T11:24:25.006000Z,-70.9224,-23.4251,25.65,4.4
2022-01-14T05:50:21.711000Z,-68.893,-21.2906,118.7,4.3
2022-01-13T18:19:36.667000Z,-71.1932,-26.8528,14.52,5.2
2022-01-13T13:52:01.371000Z,-67.1872,-24.4003,175.5,4.4
2022-01-13T04:13:45.610000Z,-69.2414,-23.0248,79.49,4.1
2022-01-12T23:01:36.343000Z,-74.304,-37.9102,18.73,4.5
2022-01-12T21:21:50.465000Z,-69.3354,-18.7067,135.94,4.0
2022-01-12T10:39:32.692000Z,-69.3897,-23.0786,78.5,4.1
2022-01-12T10:18:56.780000Z,-69.8309,-21.3287,48.26,4.1
2022-01-12T05:30:29.304000Z,-74.054,-37.9808,10.0,4.3
2022-01-11T16:12:56.804000Z,-68.7483,-21.0012,109.88,4.2
2022-01-11T12:35:39.309000Z,-67.2446,-24.2524,188.48,4.7
2022-01-10T15:42:28.106000Z,-70.8799,-32.9984,73.37,4.0
2022-01-10T08:36:02.502000Z,-65.4096,-26.0926,10.0,5.5
2022-01-10T07:06:34.004000Z,-71.4586,-30.7939,38.62,4.9
2022-01-10T06:52:20.074000Z,-68.6233,-21.9729,146.02,4.1
2022-01-09T12:52:41.107000Z,-71.3883,-26.6811,20.45,4.2
2022-01-08T09:03:34.449000Z,-71.3871,-26.6784,10.0,4.3
2022-01-08T03:24:08.589000Z,-71.1527,-26.6916,13.0,5.9
2022-01-08T03:22:18.511000Z,-71.3765,-26.6592,10.0,4.8
2022-01-07T12:08:12.347000Z,-68.8027,-22.2728,124.83,4.3
2022-01-07T10:27:06.767000Z,-76.5811,-11.874,96.7,5.6
2022-01-07T06:04:46.875000Z,-69.6855,-17.5277,10.31,4.7
2022-01-07T02:14:52.853000Z,-75.1287,-37.6525,10.0,4.6
2022-01-06T17:43:39.218000Z,-67.7993,-22.4978,184.94,4.6
2022-01-06T04:54:51.451000Z,-70.0072,-20.2092,49.04,2.9
2022-01-06T01:55:45.438000Z,-67.3781,-24.2772,216.31,4.1
2022-01-05T02:17:26.408000Z,-68.6862,-21.1502,119.01,4.2
2022-01-04T07:06:56.313000Z,-71.7231,-36.2156,83.35,4.2
2022-01-03T23:08:22.938000Z,-66.2807,-22.6559,284.52,4.1
2022-01-03T16:44:37.261000Z,-66.6449,-22.9129,263.91,4.2
2022-01-03T06:30:19.413000Z,-67.1502,-24.2773,195.28,4.4
2022-01-02T11:56:56.084000Z,-68.404,-21.3732,137.59,4.7
2022-01-02T09:17:56.906000Z,-67.4895,-30.2968,43.26,4.0
2022-01-02T03:18:07.942000Z,-71.1216,-32.2771,88.19,3.6
2022-01-01T17:04:52.976000Z,-80.9083,-4.8975,11.52,4.3
